-- ============================================================================
-- SBTM Demo Seed Data (6-School Setup)
-- Generated by scripts/generate-demo-routes.ts
-- DO NOT EDIT MANUALLY - regenerate with: npx tsx scripts/generate-demo-routes.ts --from-cache
-- ============================================================================

BEGIN;

-- ===================== Schools =====================
INSERT INTO schools (id, name, "boardId", lat, lng) VALUES
    ('30000000-0000-0000-0001-000000000001', 'St. Bernadette Catholic Elementary School', 'b1a2b3c4-d5e6-4f7a-8b9c-1d2e3f4a5b6c', 45.270533724914415, -75.88490468637625);
INSERT INTO schools (id, name, "boardId", lat, lng) VALUES
    ('30000000-0000-0000-0002-000000000001', 'All Saints High School', 'b1a2b3c4-d5e6-4f7a-8b9c-1d2e3f4a5b6c', 45.321918945667505, -75.92505561029174);
INSERT INTO schools (id, name, "boardId", lat, lng) VALUES
    ('30000000-0000-0000-0003-000000000001', 'Sacred Heart Catholic High School (7-12)', 'b1a2b3c4-d5e6-4f7a-8b9c-1d2e3f4a5b6c', 45.264239460178125, -75.91032339376542);
INSERT INTO schools (id, name, "boardId", lat, lng) VALUES
    ('30000000-0000-0000-0004-000000000001', 'John Young Elementary School', 'b0a1b2c3-d4e5-4f6a-8b9c-0d1e2f3a4b5c', 45.29004470827141, -75.88407039737974);
INSERT INTO schools (id, name, "boardId", lat, lng) VALUES
    ('30000000-0000-0000-0005-000000000001', 'Maplewood Secondary School', 'b0a1b2c3-d4e5-4f6a-8b9c-0d1e2f3a4b5c', 45.26742703969896, -75.89142583068907);
INSERT INTO schools (id, name, "boardId", lat, lng) VALUES
    ('30000000-0000-0000-0006-000000000001', 'A.Y. Jackson S.S.', 'b0a1b2c3-d4e5-4f6a-8b9c-0d1e2f3a4b5c', 45.295263862678645, -75.87950214831503);

-- ===================== School Admins =====================
INSERT INTO users (id, email, "passwordHash", role, "firstName", "lastName", "schoolId", "boardId") VALUES
    ('30000000-0000-0000-0001-00000000000a', 'admin.stbern@sbtm.demo', crypt('Admin123!', gen_salt('bf')), 'SCHOOL_ADMIN', 'Admin', 'St.', '30000000-0000-0000-0001-000000000001', 'b1a2b3c4-d5e6-4f7a-8b9c-1d2e3f4a5b6c');
INSERT INTO users (id, email, "passwordHash", role, "firstName", "lastName", "schoolId", "boardId") VALUES
    ('30000000-0000-0000-0002-00000000000a', 'admin.allsnt@sbtm.demo', crypt('Admin123!', gen_salt('bf')), 'SCHOOL_ADMIN', 'Admin', 'All', '30000000-0000-0000-0002-000000000001', 'b1a2b3c4-d5e6-4f7a-8b9c-1d2e3f4a5b6c');
INSERT INTO users (id, email, "passwordHash", role, "firstName", "lastName", "schoolId", "boardId") VALUES
    ('30000000-0000-0000-0003-00000000000a', 'admin.sacrhrt@sbtm.demo', crypt('Admin123!', gen_salt('bf')), 'SCHOOL_ADMIN', 'Admin', 'Sacred', '30000000-0000-0000-0003-000000000001', 'b1a2b3c4-d5e6-4f7a-8b9c-1d2e3f4a5b6c');
INSERT INTO users (id, email, "passwordHash", role, "firstName", "lastName", "schoolId", "boardId") VALUES
    ('30000000-0000-0000-0004-00000000000a', 'admin.jyoung@sbtm.demo', crypt('Admin123!', gen_salt('bf')), 'SCHOOL_ADMIN', 'Admin', 'John', '30000000-0000-0000-0004-000000000001', 'b0a1b2c3-d4e5-4f6a-8b9c-0d1e2f3a4b5c');
INSERT INTO users (id, email, "passwordHash", role, "firstName", "lastName", "schoolId", "boardId") VALUES
    ('30000000-0000-0000-0005-00000000000a', 'admin.mplwd@sbtm.demo', crypt('Admin123!', gen_salt('bf')), 'SCHOOL_ADMIN', 'Admin', 'Maplewood', '30000000-0000-0000-0005-000000000001', 'b0a1b2c3-d4e5-4f6a-8b9c-0d1e2f3a4b5c');
INSERT INTO users (id, email, "passwordHash", role, "firstName", "lastName", "schoolId", "boardId") VALUES
    ('30000000-0000-0000-0006-00000000000a', 'admin.ayjack@sbtm.demo', crypt('Admin123!', gen_salt('bf')), 'SCHOOL_ADMIN', 'Admin', 'A.Y.', '30000000-0000-0000-0006-000000000001', 'b0a1b2c3-d4e5-4f6a-8b9c-0d1e2f3a4b5c');

-- ===================== Drivers =====================
INSERT INTO users (id, email, "passwordHash", role, "firstName", "lastName", "driverId", "assignedRouteIds", "schoolId", "boardId") VALUES
    ('30000000-0000-0000-0001-00000000000d', 'driver.stbern@sbtm.demo', crypt('Admin123!', gen_salt('bf')), 'DRIVER', 'Driver', 'St.', 'driver-stbern-01', 'a0000000-0001-0001-0000-000000000001,a0000000-0001-0001-0000-000000000002,a0000000-0001-0002-0000-000000000001,a0000000-0001-0002-0000-000000000002,a0000000-0001-0003-0000-000000000001,a0000000-0001-0003-0000-000000000002,a0000000-0001-0004-0000-000000000001,a0000000-0001-0004-0000-000000000002,a0000000-0001-0005-0000-000000000001,a0000000-0001-0005-0000-000000000002', '30000000-0000-0000-0001-000000000001', 'b1a2b3c4-d5e6-4f7a-8b9c-1d2e3f4a5b6c');
INSERT INTO users (id, email, "passwordHash", role, "firstName", "lastName", "driverId", "assignedRouteIds", "schoolId", "boardId") VALUES
    ('30000000-0000-0000-0002-00000000000d', 'driver.allsnt@sbtm.demo', crypt('Admin123!', gen_salt('bf')), 'DRIVER', 'Driver', 'All', 'driver-allsnt-01', 'a0000000-0002-0001-0000-000000000001,a0000000-0002-0001-0000-000000000002,a0000000-0002-0002-0000-000000000001,a0000000-0002-0002-0000-000000000002,a0000000-0002-0003-0000-000000000001,a0000000-0002-0003-0000-000000000002,a0000000-0002-0004-0000-000000000001,a0000000-0002-0004-0000-000000000002,a0000000-0002-0005-0000-000000000001,a0000000-0002-0005-0000-000000000002', '30000000-0000-0000-0002-000000000001', 'b1a2b3c4-d5e6-4f7a-8b9c-1d2e3f4a5b6c');
INSERT INTO users (id, email, "passwordHash", role, "firstName", "lastName", "driverId", "assignedRouteIds", "schoolId", "boardId") VALUES
    ('30000000-0000-0000-0003-00000000000d', 'driver.sacrhrt@sbtm.demo', crypt('Admin123!', gen_salt('bf')), 'DRIVER', 'Driver', 'Sacred', 'driver-sacrhrt-01', 'a0000000-0003-0001-0000-000000000001,a0000000-0003-0001-0000-000000000002,a0000000-0003-0002-0000-000000000001,a0000000-0003-0002-0000-000000000002,a0000000-0003-0003-0000-000000000001,a0000000-0003-0003-0000-000000000002,a0000000-0003-0004-0000-000000000001,a0000000-0003-0004-0000-000000000002,a0000000-0003-0005-0000-000000000001,a0000000-0003-0005-0000-000000000002', '30000000-0000-0000-0003-000000000001', 'b1a2b3c4-d5e6-4f7a-8b9c-1d2e3f4a5b6c');
INSERT INTO users (id, email, "passwordHash", role, "firstName", "lastName", "driverId", "assignedRouteIds", "schoolId", "boardId") VALUES
    ('30000000-0000-0000-0004-00000000000d', 'driver.jyoung@sbtm.demo', crypt('Admin123!', gen_salt('bf')), 'DRIVER', 'Driver', 'John', 'driver-jyoung-01', 'a0000000-0004-0001-0000-000000000001,a0000000-0004-0001-0000-000000000002,a0000000-0004-0002-0000-000000000001,a0000000-0004-0002-0000-000000000002,a0000000-0004-0003-0000-000000000001,a0000000-0004-0003-0000-000000000002,a0000000-0004-0004-0000-000000000001,a0000000-0004-0004-0000-000000000002,a0000000-0004-0005-0000-000000000001,a0000000-0004-0005-0000-000000000002', '30000000-0000-0000-0004-000000000001', 'b0a1b2c3-d4e5-4f6a-8b9c-0d1e2f3a4b5c');
INSERT INTO users (id, email, "passwordHash", role, "firstName", "lastName", "driverId", "assignedRouteIds", "schoolId", "boardId") VALUES
    ('30000000-0000-0000-0005-00000000000d', 'driver.mplwd@sbtm.demo', crypt('Admin123!', gen_salt('bf')), 'DRIVER', 'Driver', 'Maplewood', 'driver-mplwd-01', 'a0000000-0005-0001-0000-000000000001,a0000000-0005-0001-0000-000000000002,a0000000-0005-0002-0000-000000000001,a0000000-0005-0002-0000-000000000002,a0000000-0005-0003-0000-000000000001,a0000000-0005-0003-0000-000000000002,a0000000-0005-0004-0000-000000000001,a0000000-0005-0004-0000-000000000002,a0000000-0005-0005-0000-000000000001,a0000000-0005-0005-0000-000000000002', '30000000-0000-0000-0005-000000000001', 'b0a1b2c3-d4e5-4f6a-8b9c-0d1e2f3a4b5c');
INSERT INTO users (id, email, "passwordHash", role, "firstName", "lastName", "driverId", "assignedRouteIds", "schoolId", "boardId") VALUES
    ('30000000-0000-0000-0006-00000000000d', 'driver.ayjack@sbtm.demo', crypt('Admin123!', gen_salt('bf')), 'DRIVER', 'Driver', 'A.Y.', 'driver-ayjack-01', 'a0000000-0006-0001-0000-000000000001,a0000000-0006-0001-0000-000000000002,a0000000-0006-0002-0000-000000000001,a0000000-0006-0002-0000-000000000002,a0000000-0006-0003-0000-000000000001,a0000000-0006-0003-0000-000000000002,a0000000-0006-0004-0000-000000000001,a0000000-0006-0004-0000-000000000002,a0000000-0006-0005-0000-000000000001,a0000000-0006-0005-0000-000000000002', '30000000-0000-0000-0006-000000000001', 'b0a1b2c3-d4e5-4f6a-8b9c-0d1e2f3a4b5c');

-- ===================== Vehicles =====================
INSERT INTO vehicles (id, "schoolId", "licensePlate", status) VALUES
    ('BUS-STBERN-01', '30000000-0000-0000-0001-000000000001', 'ON-3101', 'ACTIVE');
INSERT INTO vehicles (id, "schoolId", "licensePlate", status) VALUES
    ('BUS-STBERN-02', '30000000-0000-0000-0001-000000000001', 'ON-3102', 'ACTIVE');
INSERT INTO vehicles (id, "schoolId", "licensePlate", status) VALUES
    ('BUS-STBERN-03', '30000000-0000-0000-0001-000000000001', 'ON-3103', 'ACTIVE');
INSERT INTO vehicles (id, "schoolId", "licensePlate", status) VALUES
    ('BUS-STBERN-04', '30000000-0000-0000-0001-000000000001', 'ON-3104', 'ACTIVE');
INSERT INTO vehicles (id, "schoolId", "licensePlate", status) VALUES
    ('BUS-STBERN-05', '30000000-0000-0000-0001-000000000001', 'ON-3105', 'ACTIVE');
INSERT INTO vehicles (id, "schoolId", "licensePlate", status) VALUES
    ('BUS-ALLSNT-01', '30000000-0000-0000-0002-000000000001', 'ON-3201', 'ACTIVE');
INSERT INTO vehicles (id, "schoolId", "licensePlate", status) VALUES
    ('BUS-ALLSNT-02', '30000000-0000-0000-0002-000000000001', 'ON-3202', 'ACTIVE');
INSERT INTO vehicles (id, "schoolId", "licensePlate", status) VALUES
    ('BUS-ALLSNT-03', '30000000-0000-0000-0002-000000000001', 'ON-3203', 'ACTIVE');
INSERT INTO vehicles (id, "schoolId", "licensePlate", status) VALUES
    ('BUS-ALLSNT-04', '30000000-0000-0000-0002-000000000001', 'ON-3204', 'ACTIVE');
INSERT INTO vehicles (id, "schoolId", "licensePlate", status) VALUES
    ('BUS-ALLSNT-05', '30000000-0000-0000-0002-000000000001', 'ON-3205', 'ACTIVE');
INSERT INTO vehicles (id, "schoolId", "licensePlate", status) VALUES
    ('BUS-SACRHRT-01', '30000000-0000-0000-0003-000000000001', 'ON-3301', 'ACTIVE');
INSERT INTO vehicles (id, "schoolId", "licensePlate", status) VALUES
    ('BUS-SACRHRT-02', '30000000-0000-0000-0003-000000000001', 'ON-3302', 'ACTIVE');
INSERT INTO vehicles (id, "schoolId", "licensePlate", status) VALUES
    ('BUS-SACRHRT-03', '30000000-0000-0000-0003-000000000001', 'ON-3303', 'ACTIVE');
INSERT INTO vehicles (id, "schoolId", "licensePlate", status) VALUES
    ('BUS-SACRHRT-04', '30000000-0000-0000-0003-000000000001', 'ON-3304', 'ACTIVE');
INSERT INTO vehicles (id, "schoolId", "licensePlate", status) VALUES
    ('BUS-SACRHRT-05', '30000000-0000-0000-0003-000000000001', 'ON-3305', 'ACTIVE');
INSERT INTO vehicles (id, "schoolId", "licensePlate", status) VALUES
    ('BUS-JYOUNG-01', '30000000-0000-0000-0004-000000000001', 'ON-3401', 'ACTIVE');
INSERT INTO vehicles (id, "schoolId", "licensePlate", status) VALUES
    ('BUS-JYOUNG-02', '30000000-0000-0000-0004-000000000001', 'ON-3402', 'ACTIVE');
INSERT INTO vehicles (id, "schoolId", "licensePlate", status) VALUES
    ('BUS-JYOUNG-03', '30000000-0000-0000-0004-000000000001', 'ON-3403', 'ACTIVE');
INSERT INTO vehicles (id, "schoolId", "licensePlate", status) VALUES
    ('BUS-JYOUNG-04', '30000000-0000-0000-0004-000000000001', 'ON-3404', 'ACTIVE');
INSERT INTO vehicles (id, "schoolId", "licensePlate", status) VALUES
    ('BUS-JYOUNG-05', '30000000-0000-0000-0004-000000000001', 'ON-3405', 'ACTIVE');
INSERT INTO vehicles (id, "schoolId", "licensePlate", status) VALUES
    ('BUS-MPLWD-01', '30000000-0000-0000-0005-000000000001', 'ON-3501', 'ACTIVE');
INSERT INTO vehicles (id, "schoolId", "licensePlate", status) VALUES
    ('BUS-MPLWD-02', '30000000-0000-0000-0005-000000000001', 'ON-3502', 'ACTIVE');
INSERT INTO vehicles (id, "schoolId", "licensePlate", status) VALUES
    ('BUS-MPLWD-03', '30000000-0000-0000-0005-000000000001', 'ON-3503', 'ACTIVE');
INSERT INTO vehicles (id, "schoolId", "licensePlate", status) VALUES
    ('BUS-MPLWD-04', '30000000-0000-0000-0005-000000000001', 'ON-3504', 'ACTIVE');
INSERT INTO vehicles (id, "schoolId", "licensePlate", status) VALUES
    ('BUS-MPLWD-05', '30000000-0000-0000-0005-000000000001', 'ON-3505', 'ACTIVE');
INSERT INTO vehicles (id, "schoolId", "licensePlate", status) VALUES
    ('BUS-AYJACK-01', '30000000-0000-0000-0006-000000000001', 'ON-3601', 'ACTIVE');
INSERT INTO vehicles (id, "schoolId", "licensePlate", status) VALUES
    ('BUS-AYJACK-02', '30000000-0000-0000-0006-000000000001', 'ON-3602', 'ACTIVE');
INSERT INTO vehicles (id, "schoolId", "licensePlate", status) VALUES
    ('BUS-AYJACK-03', '30000000-0000-0000-0006-000000000001', 'ON-3603', 'ACTIVE');
INSERT INTO vehicles (id, "schoolId", "licensePlate", status) VALUES
    ('BUS-AYJACK-04', '30000000-0000-0000-0006-000000000001', 'ON-3604', 'ACTIVE');
INSERT INTO vehicles (id, "schoolId", "licensePlate", status) VALUES
    ('BUS-AYJACK-05', '30000000-0000-0000-0006-000000000001', 'ON-3605', 'ACTIVE');

-- ===================== Routes =====================
INSERT INTO routes (id, "schoolId", name, direction, "vehicleId", "startTime", polyline) VALUES
    ('a0000000-0001-0001-0000-000000000001', '30000000-0000-0000-0001-000000000001', 'STBERN Route 1 AM', 'AM', 'BUS-STBERN-01', '07:00', 'qfmsGt}dnMjEsFTOXMJEr@lC@FFR_GfHOb@Qx@CJEPzCrAvCrAtAj@NNbAlBJPNZJQjDgEHKhA{AtC{DbEyF`@o@jA_Bl@u@lA{ARWPKHGFG~AkBRUPU\g@^g@BGFMzAsB~IoL`D}DRUnBeCtBoCT[LTjA|BlBrD~AzCtAjC@BBDHRNSBCzDkF~@oARUPQDENK@APMFELGFELGVIxBk@HCdAYRGNGNId@Wh@_@n@_@dB_Al@]DC^UH?JAR?DBD@LPDFHJr@`DpAvGDRBLBTN`AF^H\`@lBPr@R|@r@dDZpA@JH^NIDC|@e@HM');
INSERT INTO routes (id, "schoolId", name, direction, "vehicleId", "startTime", polyline) VALUES
    ('a0000000-0001-0001-0000-000000000002', '30000000-0000-0000-0001-000000000001', 'STBERN Route 1 PM', 'PM', 'BUS-STBERN-01', '14:45', 'a|hsGhgdnMIL}@d@EBOHI_@AK[qAs@eDS}@Qs@a@mBI]G_@OaACUCMESqAwGs@aDAO?K?[@G@G?G?GAGCEAECCCCEAGAG@GDEHCDAFKVGJGH_@TEBm@\eB~@o@^i@^e@VOHOFSFeAXIByBj@WHMFGDMFGDQLA@OJEDQPST_AnA{DjFCBORISCEACuAkC_B{CmBsDkA}BMUUZuBnCoBdCSTaD|D_JnL{ArBIDCBcAjASTST}AlBMRMTSVmAzAm@t@kA~Ak@f@_@f@gFxGgDlEY\WZyBhCONKQcAmBOOuAk@wCsA{CsADQBKPy@Nc@~FgHGSAGs@mCKDYLUNkErF');
INSERT INTO routes (id, "schoolId", name, direction, "vehicleId", "startTime", polyline) VALUES
    ('a0000000-0001-0002-0000-000000000001', '30000000-0000-0000-0001-000000000001', 'STBERN Route 2 AM', 'AM', 'BUS-STBERN-02', '07:10', 'wzjsGbf~mMa@dCADETjAd@jAd@d@Rj@X\X\Xd@p@`@j@Tl@Th@Rt@BF@FlAdE`A`DJXhArDBHFRb@zAHZDTP`A`@zB@FJj@sB~@cBv@IDC@}@b@QHN\DJf@rAlBnDZn@nAxBpA|BzAnC~@dBJRNVp@lAlBrD^n@@LBJZl@DBDBJDP\r@pAr@pAt@tAH\rAbCLDNVr@nAvErIHP^p@bEzHnBpDzArCpBxD`@v@t@zAnA~BpBxDn@lAQTEDcCbDEFIJGHA@}@jAC@_@d@wD|EEHmAzAkCfD');
INSERT INTO routes (id, "schoolId", name, direction, "vehicleId", "startTime", polyline) VALUES
    ('a0000000-0001-0002-0000-000000000002', '30000000-0000-0000-0001-000000000001', 'STBERN Route 2 PM', 'PM', 'BUS-STBERN-02', '14:55', 'a|hsGhgdnMIL}@d@EBOHI_@AK[qAs@eDS}@Qs@a@mBI]G_@OaACUCMESqAwGs@aDAO?K?[@G@G?G?GAGCEAECCCCEAQSEGIMOg@Qk@k@gBs@gBY{@I]EMCKGWKe@GYi@aC[aAEOe@cAi@_A_AwAy@eA}@}@MIqA{@YKD]r@iE\uAd@yAh@gAHODGrC_El@aANSEOEO]k@GEGC_@o@mBsDq@mAOWKS_AeB{AoCqA}BoAyB[o@mBoDg@sAEKO]PI|@c@BAHEbBw@rB_AKk@AGa@{BQaAEUI[c@{AGSCIiAsDKYaAaDmAeEAGCGSu@Ui@Um@a@k@e@q@]Y]Yk@Ye@SkAe@kAe@DU@E`@eC');
INSERT INTO routes (id, "schoolId", name, direction, "vehicleId", "startTime", polyline) VALUES
    ('a0000000-0001-0003-0000-000000000001', '30000000-0000-0000-0001-000000000001', 'STBERN Route 3 AM', 'AM', 'BUS-STBERN-03', '07:15', 'kqesGrf`nMQDURSVuBnCpChGTjAFjAe@zMIpE?dCIrBWxAw@zDqAxGId@G\~@bBtCvF`@t@Vd@bAlB^t@DHv@~AtIzObD|FXf@BDBFbGzKhAtBP\d@`AMNyKpNgMfP]b@SVaGxH}BvCaCzCSXmFxGe@d@KJg@h@IDMDQ?AAKGIIEGy@{ACGWe@_@u@gBkDy@yAm@kAi@aAu@uAkA{BeAoBg@aAQ_@MUeBgDoAaCQ[}G_MUe@Ye@[m@[s@e@{@Yk@sByDMUMWm@sA}@cBwAiCk@aAGI_AgBkF}JQTEDcCbDEFIJGHA@}@jAC@_@d@wD|EEHmAzAkCfD');
INSERT INTO routes (id, "schoolId", name, direction, "vehicleId", "startTime", polyline) VALUES
    ('a0000000-0001-0003-0000-000000000002', '30000000-0000-0000-0001-000000000001', 'STBERN Route 3 PM', 'PM', 'BUS-STBERN-03', '15:00', 'a|hsGhgdnMjCgDlA{ADIvD}E^e@BA|@kA@AFIHKDGbCcDDEPUjF|J~@fBDJd@hAjClFt@tALXLRT`@bB`DT\f@z@`@j@Zl@Xd@Td@|G~LPZnA`CdBfDLTP^f@`AdAnBjAzBt@tAh@`Al@jAx@xAfBjD^t@Pj@BFr@bBBF?J@P?BAH@J@HBFDDFB@@F?FADEDGBI??HSJOr@_AHK\m@lFyGRY`C{C|BwC`GyHRW\c@fMgPxKqNLOe@aAQ]iAuBcG{KCGCEYg@cD}FuI{Ow@_BEI_@u@cAmBWe@a@u@uCwF_AcBF]He@pAyGv@{DVyAHsB?eCHqEd@{MGkAUkAqCiGtBoCRWTSPE');
INSERT INTO routes (id, "schoolId", name, direction, "vehicleId", "startTime", polyline) VALUES
    ('a0000000-0001-0004-0000-000000000001', '30000000-0000-0000-0001-000000000001', 'STBERN Route 4 AM', 'AM', 'BUS-STBERN-04', '07:25', 'wkdsGpchnMo@mAGICEKSiBuD_@k@[]_@YYOGCMEA?QECAA?SEO?SAG?Q@YFQBQFOFGBGBQLCBONYXe@j@IJg@l@eApAw@dAy@`AaArAKNw@cBw@wAyDmHiBqDkBsDO[w@}Aq@sAKSgA{BaAkB_AgBS[GGUa@KSg@cACICICK??@M?KCKEIIEAAKGIIEGy@{ACGWe@_@u@gBkDy@yAm@kAi@aAu@uAkA{BeAoBg@aAQ_@MUeBgDoAaCQ[}G_MUe@Ye@[m@[s@e@{@Yk@sByDMUMWm@sA}@cBwAiCk@aAGI_AgBkF}JQTEDcCbDEFIJGHA@}@jAC@_@d@wD|EEHmAzAkCfD');
INSERT INTO routes (id, "schoolId", name, direction, "vehicleId", "startTime", polyline) VALUES
    ('a0000000-0001-0004-0000-000000000002', '30000000-0000-0000-0001-000000000001', 'STBERN Route 4 PM', 'PM', 'BUS-STBERN-04', '15:10', 'a|hsGhgdnMjCgDlA{ADIvD}E^e@BA|@kA@AFIHKDGbCcDDEPUjF|J~@fBDJd@hAjClFt@tALXLRT`@bB`DT\f@z@`@j@Zl@Xd@Td@|G~LPZnA`CdBfDLTP^f@`AdAnBjAzBt@tAh@`Al@jAx@xAfBjD^t@Pj@BFr@bBBF?J@P?BAH@J@HBFDDFB@@HBHFHJb@p@TT\^FFRZ~@fB`AjBfAzBJRp@rAv@|ANZjBrDhBpDxDlHv@vAv@bBJO`AsAx@aAv@eAdAqAf@m@HKd@k@XYNOBCPMFCFCNGPGPCXGPAF?R@N?RD@?B@PD@?LDFBXN^XZ\^j@hBtDJRBDFHn@lA');
INSERT INTO routes (id, "schoolId", name, direction, "vehicleId", "startTime", polyline) VALUES
    ('a0000000-0001-0005-0000-000000000001', '30000000-0000-0000-0001-000000000001', 'STBERN Route 5 AM', 'AM', 'BUS-STBERN-05', '07:30', '}gjsGdgknMACw@yAa@w@cAkBMSq@mAGIsAaCIOc@w@mAsB[c@CUOY{@cBa@w@cCqES_@u@wAU_@MWiAuByAmCIO_ByCKQMWIO}@_BeDcGuBwD]m@Q]PS~@mANUNYPa@Pg@X_@`AmAbAoAV]NSHODGRY|AsBzByCDEDGBGFGFIJK^i@n@u@p@u@LKFEHIHGHGFCHEJCFADADEDGBI@IBOBMHOFQJQDIFKLSt@{@v@{@nEgFlEgFrEqF|CsDdGmHVMFCZKFBJAJGFMBO@IDUHUj@cAp@u@t@{@DGJKt@{@f@k@d@a@`@]d@]x@k@`@WrBgAJE~@i@l@O^EDBF?HADEFGBK?GNSDIb@e@lA_AdAeAf@q@r@{@b@]FEXKB?B?JCFKDM?I?MCKGIGEEAC?UQGIKIW[QYw@aB}DmHk@iAg@}@c@eAOc@Ma@Qs@q@sCNIDC|@e@HM');
INSERT INTO routes (id, "schoolId", name, direction, "vehicleId", "startTime", polyline) VALUES
    ('a0000000-0001-0005-0000-000000000002', '30000000-0000-0000-0001-000000000001', 'STBERN Route 5 PM', 'PM', 'BUS-STBERN-05', '15:15', 'a|hsGhgdnMIL}@d@EBOHp@rCPr@L`@Nb@b@dAf@|@j@hA|DlHv@`BPXTt@DLH`@?DM^EJYl@s@z@g@p@eAdAmA~@i@PGBUBECI?G@GBEHCHADWZe@f@_Ah@KDsBfAa@Vy@j@e@\a@\e@`@g@j@u@z@KJEFu@z@q@t@w@p@MFQDGAI@GDEHEHCJ?L@LDJDHHDFBVHJLf@z@BBfBtCVZT`@fApB~AzCIJa@j@mBdCEFeBxBUZMN{@fAc@j@q@|@y@bAWZ_@f@[`@c@h@w@bAkA|Au@|@OPq@|@GFEFs@~@UVg@n@a@h@y@dAs@z@u@`Ac@j@WZCDKLqA`Bq@x@{@dAeAtA{@dAMPo@v@MPKLUXSXi@p@MPUXGH{AlBq@|@o@x@MPOPe@ZWX}@hAQRW^LRFLVb@~@dBb@v@xCjFNXR\zEvIVb@pAxBLFZb@lArBb@v@HNrA`CFHp@lALRbAjB`@v@v@xA@B');
INSERT INTO routes (id, "schoolId", name, direction, "vehicleId", "startTime", polyline) VALUES
    ('a0000000-0002-0001-0000-000000000001', '30000000-0000-0000-0002-000000000001', 'ALLSNT Route 1 AM', 'AM', 'BUS-ALLSNT-01', '07:00', 'wywsGxlknM??TYX_@V_@X]eAmB_@o@y@{AGSO[OMfCwDJOBCvBaDb@o@r@_Ab@k@`@k@h@s@FGHMNUx@yALYf@aBH_@TLRLRRTXPT\n@LTP\n@lAVp@N\R\DH@BLTLXLMDId@m@\g@nAcBrBsCrBqCBEDGnAeBtBuC`DmEr@cALQJMJMZc@fAyAr@cAt@eAJMh@u@xB}CPST]pDaFp@cAn@gAr@iBRg@TeAPcAR]HIDEZGTDVVNXB`@?HC^m@nFU`AQb@g@dAPZNTJJLJ^Lb@Hh@FZ@NDAVAX@\@XDj@H`@Lb@t@|BNRLHTNnDvBJFr@LPBP?NGRIrCuB`AkAv@mAfAgBV_@T_@NI`@S|@KTAzBFhBJPBBz@FnAL~@R~@ZbAN^zAvBNRJIBC\W\MNCDAVA`BTLB?XAz@@x@Fh@Fd@Pn@N`@Tb@^p@XXd@l@f@^dBpA~A`ALJd@^`@|@Zx@Ln@Bl@TxFDr@BZ@LF`@ZjA@Hv@hCJZJIJGHC`@OjC_@l@EPCvA@x@Hv@N~@\VN|At@NHG^a@tBMGmAq@GViAfGAl@BfA?h@ETIXcBw@OM');
INSERT INTO routes (id, "schoolId", name, direction, "vehicleId", "startTime", polyline) VALUES
    ('a0000000-0002-0001-0000-000000000002', '30000000-0000-0000-0002-000000000001', 'ALLSNT Route 1 PM', 'PM', 'BUS-ALLSNT-01', '14:45', '{qrsG`oknMNLbBv@HYDU?i@CgA@m@hAgGFWlAp@LF`@uBF_@OI}Au@WO_A]w@Oy@IwAAQBm@DkC^a@NIBKFKHK[w@iCAI[kAGa@AMC[Es@UyFCm@Mo@[y@a@}@e@_@MK_BaAeBqAg@_@e@m@YY_@q@Uc@Oa@Qo@Ge@Gi@Ay@@{@?YMCaBUW@E@OB]L]VCBKHOS{AwBO_@[cAS_AM_AGoAC{@QCiBK{BGU@}@Ja@ROHU^W^gAfBw@lAaAjAsCtBSHOFQ?QCs@MKGoDwBUOMIOSu@}BMc@Ia@Ek@AYA]@Y@WOE[Ai@Gc@I_@MMKKKOUQ[f@eAPc@TaAl@oFJi@Da@?WAK?GGOCS[F[Cg@MOGUKCXCLQbAQ~@Sx@I\CJe@pAo@lAy@jAy@hAIJmBjCWZOToA`BsAhBSVUZq@z@qBvCGFQRMNGJu@hA}CdEcDnEo@z@W\eAzAIJcEzFUFk@p@MFI?G?OCQUMSKOUUo@mAQ]MU]o@QUUYSSSMUMI^g@`BMXy@xAOTILGFi@r@a@j@c@j@s@~@c@n@wB`DCBKNgCvDHZNZLDx@zA^n@dAlBY\W^Y^UX??');
INSERT INTO routes (id, "schoolId", name, direction, "vehicleId", "startTime", polyline) VALUES
    ('a0000000-0002-0002-0000-000000000001', '30000000-0000-0000-0002-000000000001', 'ALLSNT Route 2 AM', 'AM', 'BUS-ALLSNT-02', '07:10', 'kbusGd~enMVKXKJGREHCTANBLBFBBBJHRTHUHMBGj@y@R[b@i@b@c@lA_A~U}LzDoBrJ_FjAm@`GwCNITOEd@B`D@`C@l@Bh@BbD@r@@f@@Z@\@pABx@B\Dh@Jx@T~@Nh@^x@t@pAx@fALPDHNRxCtDjCfDX^\b@jAtA\f@JNPTNR\f@Zf@`@l@BDZh@Zp@j@pARd@BHL\h@zA`A~CDVFTd@hCP`A?D`B~IvAhI\zBT~ARbBD`@XbFFtBFlCFhCVrKDbCJlAPtAFZHh@Nn@JZb@fAT`@~@pAJJr@v@`@d@v@l@VTIVmBbGMZs@vAILc@l@CFk@n@SPqCrCi@d@q@b@_@NGBQHKBI@OD_@FOBq@BW?u@Ei@KWEg@Ss@]qAm@SIG^a@tBMGmAq@GViAfGAl@BfA?h@ETIXcBw@OM');
INSERT INTO routes (id, "schoolId", name, direction, "vehicleId", "startTime", polyline) VALUES
    ('a0000000-0002-0002-0000-000000000002', '30000000-0000-0000-0002-000000000001', 'ALLSNT Route 2 PM', 'PM', 'BUS-ALLSNT-02', '14:55', '{qrsG`oknMNLbBv@HYDU?i@CgA@m@hAgGFWlAp@LF`@uBF_@OI}Au@WO_A]w@Oy@IwAAQBm@DkC^a@NIBKFKHK[w@iCAI[kAGa@AMC[Es@UyFCm@Mo@[y@a@}@e@_@MK_BaAeBqAg@_@e@m@YY_@q@Uc@Oa@Qo@Ge@Gi@Ay@@{@?YMCaBUW@E@OB]L]VCBKHOS{AwBO_@[cAS_AM_AGoAC{@QCiBK{BGU@}@Ja@ROHU^W^gAfBw@lAaAjAsCtBSHOFQ?QCs@MKGoDwBUOMIOSu@}BMc@Ia@Ek@AYA]@Y@WOE[Ai@Gc@I_@MMKKKOUQ[f@eAPc@TaAl@oFJi@Da@?WAK?GGOCS[F[CW_@CGEYPyBB_An@wGtCcYzBmTL_AJq@Ts@Ru@Ne@@EHQHUSSOGCASGUCU@]Dq@^SJWRZI@A');
INSERT INTO routes (id, "schoolId", name, direction, "vehicleId", "startTime", polyline) VALUES
    ('a0000000-0002-0003-0000-000000000001', '30000000-0000-0000-0002-000000000001', 'ALLSNT Route 3 AM', 'AM', 'BUS-ALLSNT-03', '07:15', 'iiosGf_gnMYn@aBvBADKLP^L`@DRBV?^AZQ`BEXSvACb@Cj@?^B^Jp@JZ`AtBKNA@QZA@IJW`@SV{@jAgAxAKPJNNRf@f@l@h@fAr@RVr@l@HH`@^p@n@HFXTb@ZVPRPFDNNJV@N@F?D@JALANENm@v@UXqDvEoAdBOZg@p@KJKLoDjEaCpCkDnEMNMPQTGJkA~A{@dAQREDY\e@j@g@n@Wb@c@p@CDGLMVKTSb@Yp@O\EPKVELOh@[rAKj@CPKl@SGiBw@MGSIWKkAg@MEQIMG}@]yB_A[Mi@Y[O]Q[QOIUQIVmBbGMZs@vAILc@l@CFk@n@SPqCrCi@d@q@b@_@NGBQHKBI@OD_@FOBq@BW?u@Ei@KWEg@Ss@]qAm@SIG^a@tBMGmAq@GViAfGAl@BfA?h@ETIXcBw@OM');
INSERT INTO routes (id, "schoolId", name, direction, "vehicleId", "startTime", polyline) VALUES
    ('a0000000-0002-0003-0000-000000000002', '30000000-0000-0000-0002-000000000001', 'ALLSNT Route 3 PM', 'PM', 'BUS-ALLSNT-03', '15:00', '{qrsG`oknMNLbBv@HYDU?i@CgA@m@hAgGFWlAp@LF`@uBF_@RHpAl@r@\f@RVDh@Jt@DV?p@CNC^GNEHAJCPIFC^Op@c@h@e@pCsCRQj@o@BGb@m@HMr@wAL[lBcGHWPQBGVy@J]~@}Cb@_BRy@PaAFg@F_@B]BW@YB_@?]@[?m@Am@Ce@Ig@A]KmDS}FIaCKuDIyCAkAAq@?m@?c@?a@@G?Q@WB]@CB[DYDWFYF]Jg@Nq@Re@v@}ARc@BIRc@Ra@p@yAl@qAZm@NOZs@Je@j@eAXm@JSLUr@_BpCkEPWPUdAkAhA{@h@o@x@iAl@s@FP@Bh@xAf@hABD`@t@TTDDVJJ@`@DJ?L@H?jAHL@l@Dp@Df@LLJTXPZ|AtC@@JM@E`BwBXo@');
INSERT INTO routes (id, "schoolId", name, direction, "vehicleId", "startTime", polyline) VALUES
    ('a0000000-0002-0004-0000-000000000001', '30000000-0000-0000-0002-000000000001', 'ALLSNT Route 4 AM', 'AM', 'BUS-ALLSNT-04', '07:25', 'yfosGbiknMwAmCW_@Se@Wc@WPOLe@wBc@_BIUWq@c@y@uAeCEGIMWZuBpCoA~AcDpEEDGJQ]CEi@_Am@iAWa@OUMOQMOMOKSOSKQIc@OIC[MEAc@Yy@[MCWASGiBw@MGSIWKkAg@MEQIMG}@]yB_A[Mi@Y[O]Q[QOIUQIVmBbGMZs@vAILc@l@CFk@n@SPqCrCi@d@q@b@_@NGBQHKBI@OD_@FOBq@BW?u@Ei@KWEg@Ss@]qAm@SIG^a@tBMGmAq@GViAfGAl@BfA?h@ETIXcBw@OM');
INSERT INTO routes (id, "schoolId", name, direction, "vehicleId", "startTime", polyline) VALUES
    ('a0000000-0002-0004-0000-000000000002', '30000000-0000-0000-0002-000000000001', 'ALLSNT Route 4 PM', 'PM', 'BUS-ALLSNT-04', '15:10', '{qrsG`oknMNLbBv@HYDU?i@CgA@m@hAgGFWlAp@LF`@uBF_@RHpAl@r@\f@RVDh@Jt@DV?p@CNC^GNEHAJCPIFC^Op@c@h@e@pCsCRQj@o@BGb@m@HMr@wAL[lBcGHWTPNHZP\PZNh@XZLxB~@|@\LFPHLDjAf@VJRHLFhBv@RFPVLFj@PNDf@BD@ZLHBb@NPHRJRNNJNRPTT`@@BDHP\Zp@Zr@Rb@BDP^PUFKDEbDqEnA_BtBqCV[HLDFtAdCb@x@Vp@HTb@~Ad@vBNMVQVb@Rd@V^vAlC');
INSERT INTO routes (id, "schoolId", name, direction, "vehicleId", "startTime", polyline) VALUES
    ('a0000000-0002-0005-0000-000000000001', '30000000-0000-0000-0002-000000000001', 'ALLSNT Route 5 AM', 'AM', 'BUS-ALLSNT-05', '07:30', 'ehtsGtnknMAUCg@?a@Bu@Js@Fa@t@wF@QBU@UDuAAe@E}@QoA]eAuB}EKSAE[i@c@}@i@g@BQNUlD_Ej@a@vAk@B?~Am@^Sh@w@j@iALSpBmEDIHODELWJIBC\W\MNCDAVA`BTLB?XAz@@x@Fh@Fd@Pn@N`@Tb@^p@XXd@l@f@^dBpA~A`ALJd@^`@|@Zx@Ln@Bl@TxFDr@BZ@LF`@ZjA@Hv@hCJZJIJGHC`@OjC_@l@EPCvA@x@Hv@N~@\VN|At@NHG^a@tBMGmAq@GViAfGAl@BfA?h@ETIXcBw@OM');
INSERT INTO routes (id, "schoolId", name, direction, "vehicleId", "startTime", polyline) VALUES
    ('a0000000-0002-0005-0000-000000000002', '30000000-0000-0000-0002-000000000001', 'ALLSNT Route 5 PM', 'PM', 'BUS-ALLSNT-05', '15:15', '{qrsG`oknMNLbBv@HYDU?i@CgA@m@hAgGFWlAp@LF`@uBF_@OI}Au@WO_A]w@Oy@IwAAQBm@DkC^a@NIBKFKHK[w@iCAI[kAGa@AMC[Es@UyFCm@Mo@[y@a@}@e@_@MK_BaAeBqAg@_@e@m@YY_@q@Uc@Oa@Qo@Ge@Gi@Ay@@{@?YMCaBUW@E@OB]L]VCBKHMVEDINEHqBlEMRk@hAi@v@_@R_Bl@C?wAj@k@`@mD~DOTCPh@f@b@|@Zh@@DJRtB|E\dAPnAD|@@d@EtAATCTAPu@vFG`@Kr@Ct@?`@Bf@@T');
INSERT INTO routes (id, "schoolId", name, direction, "vehicleId", "startTime", polyline) VALUES
    ('a0000000-0003-0001-0000-000000000001', '30000000-0000-0000-0003-000000000001', 'SACRHRT Route 1 AM', 'AM', 'BUS-SACRHRT-01', '07:00', 'khlsG`ihnMIKACQ]CEUa@Uc@FIb@o@DET[|AtCrA|BTb@t@rAlBnDHLnB`ER^NXTYPS~@mANUNYPa@Pg@X_@`AmAbAoAV]NSHODGRY|AsBzByCDEDGBGFGFIJK^i@n@u@p@u@LKFEHIHGHGFCHEJCFADADEDGBI@IBOBMHOFQJQDIFKLSt@{@v@{@nEgFlEgFrEqF|CsDdGmHVMFCZKFBVHJLf@z@BBfBtCVZT`@fApB~AzCR^xAlC~AvCv@xApA`CJPVf@b@v@pAbC`@t@PZHNbCpEdBbDJPfCtElDzGTb@j@dApBxDBB@DJNHP@BtHpN@BNVJOBCV]^i@?]AG?C}@aCGOCIYw@');
INSERT INTO routes (id, "schoolId", name, direction, "vehicleId", "startTime", polyline) VALUES
    ('a0000000-0003-0001-0000-000000000002', '30000000-0000-0000-0003-000000000001', 'SACRHRT Route 1 PM', 'PM', 'BUS-SACRHRT-01', '14:45', 'etgsGdfinMXv@BHFN|@`C?B@F?\_@h@W\CBKNOWACuHqNACIQKOAECCqByDk@eAUc@mD{GgCuEKQeBcDcCqEIOQ[a@u@qAcCc@w@Wg@KQqAaCw@yA_BwCyAmCS_@IJa@j@mBdCEFeBxBUZMN{@fAc@j@q@|@y@bAWZ_@f@[`@c@h@w@bAkA|Au@|@OPq@|@GFEFs@~@UVg@n@a@h@y@dAs@z@u@`Ac@j@WZCDKLqA`Bq@x@{@dAeAtA{@dAMPo@v@MPKLUXSXi@p@MPUXGH{AlBq@|@o@x@MPOPe@ZWX}@hAQRIO}@_BeDcGuBwD]m@Q]OYUa@aCoE_D{FS_@QNSBMRo@z@IOACUa@EIMUCEQ]ACKS');
INSERT INTO routes (id, "schoolId", name, direction, "vehicleId", "startTime", polyline) VALUES
    ('a0000000-0003-0002-0000-000000000001', '30000000-0000-0000-0003-000000000001', 'SACRHRT Route 2 AM', 'AM', 'BUS-SACRHRT-02', '07:10', '}qhsGrsbnMoA~ApBxD`@v@t@zAnA~BpBxDn@lAjF|J~@fBDJd@hAjClFt@tALXLRT`@bB`DT\f@z@`@j@Zl@Xd@Td@|G~LPZnA`CdBfDLTP^f@`AdAnBjAzBt@tAh@`Al@jAx@xAfBjD^t@Pj@BFr@bBBF?J@P?BENELGJy@nAg@|@a@n@Yn@]dAi@dCi@pCCPK^a@vA]p@q@`A{BvCA@kK`NKLQTY\oDzEa@f@kBbC_@f@WZgAxACBaBvBHPTb@f@bAh@`AHJ\\EJEHEHGXAL@NBNLd@HT');
INSERT INTO routes (id, "schoolId", name, direction, "vehicleId", "startTime", polyline) VALUES
    ('a0000000-0003-0002-0000-000000000002', '30000000-0000-0000-0003-000000000001', 'SACRHRT Route 2 PM', 'PM', 'BUS-SACRHRT-02', '14:55', 'etgsGdfinMIUMe@COAO@MFYDIDIDK]]IKi@aAg@cAUc@IQ`BwBBCfAyAV[^g@jBcC`@g@nD{EX]PUJMjKaN@AzBwCp@aA\q@`@wAJ_@BQh@qCh@eC\eAXo@`@o@r@w@j@u@JKDCFCNC@@F?FADEDGBI??@M?KCKEIIEAAKGIIEGy@{ACGWe@_@u@gBkDy@yAm@kAi@aAu@uAkA{BeAoBg@aAQ_@MUeBgDoAaCQ[}G_MUe@Ye@[m@[s@e@{@Yk@sByDMUMWm@sA}@cBwAiCk@aAGI_AgBkF}Jo@mAqByDoA_Cu@{Aa@w@qByDnA_B');
INSERT INTO routes (id, "schoolId", name, direction, "vehicleId", "startTime", polyline) VALUES
    ('a0000000-0003-0003-0000-000000000001', '30000000-0000-0000-0003-000000000001', 'SACRHRT Route 3 AM', 'AM', 'BUS-SACRHRT-03', '07:15', 'cacsGxnfnM[jAOZMR_BuCmBoDuCcFCGCE_IuNGK_@o@_CgE{DeHCGAEMSeI_OMNyKpNgMfP]b@SVaGxH}BvCaCzCSXmFxGe@d@KJg@h@IDMDQ?AAG?G@GDEFCH?BENELGJy@nAg@|@a@n@Yn@]dAi@dCi@pCCPK^a@vA]p@q@`A{BvCA@kK`NKLQTY\oDzEa@f@kBbC_@f@WZgAxACBaBvBHPTb@f@bAh@`AHJ\\EJEHEHGXAL@NBNLd@HT');
INSERT INTO routes (id, "schoolId", name, direction, "vehicleId", "startTime", polyline) VALUES
    ('a0000000-0003-0003-0000-000000000002', '30000000-0000-0000-0003-000000000001', 'SACRHRT Route 3 PM', 'PM', 'BUS-SACRHRT-03', '15:00', 'etgsGdfinMIUMe@COAO@MFYDIDIDK]]IKi@aAg@cAUc@IQ`BwBBCfAyAV[^g@jBcC`@g@nD{EX]PUJMjKaN@AzBwCp@aA\q@`@wAJ_@BQh@qCh@eC\eAXo@`@o@r@w@j@u@JKDCFCNC@@F?FADEDGBI??HSJOr@_AHK\m@lFyGRY`C{C|BwC`GyHRW\c@fMgPxKqNLOdI~NLR@DBFzDdH~BfE^n@FJ~HtNBDBFtCbFlBnD~AtCLSN[ZkA');
INSERT INTO routes (id, "schoolId", name, direction, "vehicleId", "startTime", polyline) VALUES
    ('a0000000-0003-0004-0000-000000000001', '30000000-0000-0000-0003-000000000001', 'SACRHRT Route 4 AM', 'AM', 'BUS-SACRHRT-04', '07:25', 'cvbsGjmlnMaDcGiAwBoBqDm@kAgBeDkA{BIQsAeC}C_GqAeCKOIOqKcSwCaG{BeEs@qAqAoCYk@U_@Wg@m@gAwAqC}CaGMUO]sAiCqB}DcAuBMWKSiBqDsBaEw@cBw@wAyDmHiBqDkBsDO[w@}Aq@sAKSgA{BaAkB_AgBS[GGUa@KSg@cACICICK??@M?KCKEIIEAAG?G@GDEFCH?BENELGJy@nAg@|@a@n@Yn@]dAi@dCi@pCCPK^a@vA]p@q@`A{BvCA@kK`NKLQTY\oDzEa@f@kBbC_@f@WZgAxACBaBvBHPTb@f@bAh@`AHJ\\EJEHEHGXAL@NBNLd@HT');
INSERT INTO routes (id, "schoolId", name, direction, "vehicleId", "startTime", polyline) VALUES
    ('a0000000-0003-0004-0000-000000000002', '30000000-0000-0000-0003-000000000001', 'SACRHRT Route 4 PM', 'PM', 'BUS-SACRHRT-04', '15:10', 'etgsGdfinMIUMe@COAO@MFYDIDIDK]]IKi@aAg@cAUc@IQ`BwBBCfAyAV[^g@jBcC`@g@nD{EX]PUJMjKaN@AzBwCp@aA\q@`@wAJ_@BQh@qCh@eC\eAXo@`@o@r@w@j@u@JKDCFCNC@@HBHFHJb@p@TT\^FFRZ~@fB`AjBfAzBJRp@rAv@|ANZjBrDhBpDxDlHv@vAv@bBrB`EhBpDJRLVbAtBpB|DrAhCN\LT|C`GvApCl@fAVf@T^Xj@pAnCr@pAzBdEvC`GpKbSHNJNpAdC|C~FrAdCHPjAzBfBdDl@jAnBpDhAvB`DbG');
INSERT INTO routes (id, "schoolId", name, direction, "vehicleId", "startTime", polyline) VALUES
    ('a0000000-0003-0005-0000-000000000001', '30000000-0000-0000-0003-000000000001', 'SACRHRT Route 5 AM', 'AM', 'BUS-SACRHRT-05', '07:30', 'urgsGprknM??H?FAbEiB\SBAFGm@eAMa@Gc@Ae@Bg@BI?AFWR]tAcBlBeCBGHKu@uA[s@FKBEhA_Cp@sABO?KiCcFGM|@mAJOs@qAqJgQEGGOJOBCV]^i@?]AG?C}@aCGOCIYw@');
INSERT INTO routes (id, "schoolId", name, direction, "vehicleId", "startTime", polyline) VALUES
    ('a0000000-0003-0005-0000-000000000002', '30000000-0000-0000-0003-000000000001', 'SACRHRT Route 5 PM', 'PM', 'BUS-SACRHRT-05', '15:15', 'etgsGdfinMXv@BHFN|@`C?B@F?\_@h@W\CBKNFNDFpJfQr@pAKN}@lAFLhCbF?JCNq@rAiA~BCDGJZr@t@tAIJCFmBdCuAbBS\GV?@CHCf@@d@Fb@L`@l@dAGFC@]RcEhBG@I???');
INSERT INTO routes (id, "schoolId", name, direction, "vehicleId", "startTime", polyline) VALUES
    ('a0000000-0004-0001-0000-000000000001', '30000000-0000-0000-0004-000000000001', 'JYOUNG Route 1 AM', 'AM', 'BUS-JYOUNG-01', '07:00', 'smqsG|mcnMGp@G^El@?rA@lA?J@VBh@NILGxAq@ZOd@Ud@UVK@ArCuAdH_Dz@_@PIRKf@Uj@WzOmHrGyCrCoA|As@b@S`Ae@FEVKXOLGv@_@f@Uv@_@zAq@\QzBeARKRIf@UdCkA\QVKDR@H^|Bf@|BDTVx@@DFNJRBFh@jABB|B`DvAxA|EpDHFbAr@x@l@z@n@PLRNjAr@hAv@j@^DBPLrAdAp@j@LJl@f@\\lAfAJJFMd@mA~@}Bn@iBNc@Ti@Ve@R[l@m@ZSh@WRIJALC^Ed@?pAN\FB?CT?@WvD?DSfDCZCRIrA@f@Hb@TXPHdDj@');
INSERT INTO routes (id, "schoolId", name, direction, "vehicleId", "startTime", polyline) VALUES
    ('a0000000-0004-0001-0000-000000000002', '30000000-0000-0000-0004-000000000001', 'JYOUNG Route 1 PM', 'PM', 'BUS-JYOUNG-01', '14:45', 'aulsGx|cnMeDk@QIUYIc@Ag@HsABSB[RgD?EVwD?ABUC?]GqAOe@?_@DMBK@SHi@V[Rm@l@SZWd@Uh@Ob@o@hB_A|Be@lAGLKKmAgA]]m@g@MKq@k@sAeAQMECk@_@iAw@kAs@SOQM{@o@y@m@cAs@IG}EqDwAyA}BaDCCi@kACGKSGOAEWy@EUg@}B_@}BAIESG]UJkAh@KDwB`AQHSJsB~@uFfC_@PIDKD[NULw@`@wCpA}G~CcChAwN|GwBbASJOF{@^}GzCu@\kBz@{B`AiAf@GDQF?YEuA?_A?{AFq@');
INSERT INTO routes (id, "schoolId", name, direction, "vehicleId", "startTime", polyline) VALUES
    ('a0000000-0004-0002-0000-000000000001', '30000000-0000-0000-0004-000000000001', 'JYOUNG Route 2 AM', 'AM', 'BUS-JYOUNG-02', '07:10', 'ysmsGpb}mMKPARDRj@hBh@hCLr@BR@ZA?}BnCA@[XkB|AuAhAUVY\yAhCEFKRHNVf@tAfEBD^hAPd@FFHJNPnBrBzBdCxAxAx@|@DDJLh@n@b@^d@^RLJHDBlAv@p@ZvAb@d@HNBd@Lx@@H@NJDHBHBX@nBH^H|@Fh@n@xENfA`@lBJb@FRHXHVz@rCr@xBV`A^`At@xAZh@JNHLnAvADJXj@P`@NzABRX`B?TALCFAFCFYZsEtByEvBgAh@i@TYLYJ{EvB_Br@e@Ro@ZkBv@ULF\BPDb@@FD^ZLPDfAMTCZBVB|APl@HJ@TJZRv@f@zAtAr@n@LJDDnBtA@B|ApAHFPRJJz@x@`AdA|GdIL`@Hl@Bb@I@E@URk@|@EHgBdD_A~AO`@AT?NDZd@bBJ^@P@TCp@?FAXa@IcHoA{AUcAOCT?@WvD?DSfDCZCRIrA@f@Hb@TXPHdDj@');
INSERT INTO routes (id, "schoolId", name, direction, "vehicleId", "startTime", polyline) VALUES
    ('a0000000-0004-0002-0000-000000000002', '30000000-0000-0000-0004-000000000001', 'JYOUNG Route 2 PM', 'PM', 'BUS-JYOUNG-02', '14:55', 'aulsGx|cnMeDk@QIUYIc@Ag@HsABSB[RgD?EVwD?ABUbANzATbHnA`@H@Y?GBq@AUAQK_@e@cBE[?O@UNa@~@_BfBeDDIj@}@TSDAHACc@Im@Ma@}GeIaAeA{@y@KKQSIG}AqAACoBuAEEMKs@o@{AuAw@g@[SUKKAm@I}AQWC[CUBgALQE[ME_@AGEc@CQRK`OuGVKXMz@_@\Q~@]|@a@jAi@rCoAxAq@HEh@UFCFCPIIg@CMKm@YcBCO_@qAQa@Yk@EKoAwAIMKO[i@u@yA_@aAWaAs@yB{@sCIWIYGSKc@a@mBOgAo@yEGi@I}@Fe@AWAkA?E?IBMDMDIBI?KAMAGEGEQCO?GAUAg@?YI_@?m@?aB?y@?kCCeF@}@JiCHeATgBPeA\eB\wAn@mBDMFUKKEC??{AgAgCaBkAu@gBeAAAUKYESAO?M@KBOFGBiC|ACWIe@_AqEc@uAS]IAK?wAlA??');
INSERT INTO routes (id, "schoolId", name, direction, "vehicleId", "startTime", polyline) VALUES
    ('a0000000-0004-0003-0000-000000000001', '30000000-0000-0000-0004-000000000001', 'JYOUNG Route 3 AM', 'AM', 'BUS-JYOUNG-03', '07:15', 'mlgsGpv_nMmLqU{DmHo@qAI]aMrF_FrBWJDf@XfDPtBJtAD|@?fACtAKfBSnBi@~Bq@zBu@|AcA|A_@d@kNxRaE~FORORm@`AsC~DEFINi@fAe@xA]tAs@hEE\G`@a@~CU`BSnAYtAQt@Sp@w@rBo@hAg@t@mHlJyAnBo@x@QVUZuBnCoBdCSTaD|D_JnL{ArBIDCBcAjASTKS_@w@O_@Ma@Cg@Dg@Ji@^uB@g@Ac@AAMk@m@qBEOKMSWMKgA_AGGGLCDEFoBbCIJq@z@a@j@k@h@QHw@X[@Y?aDm@WGgDi@EAC?');
INSERT INTO routes (id, "schoolId", name, direction, "vehicleId", "startTime", polyline) VALUES
    ('a0000000-0004-0003-0000-000000000002', '30000000-0000-0000-0004-000000000001', 'JYOUNG Route 3 PM', 'PM', 'BUS-JYOUNG-03', '15:00', 'aulsGx|cnMB?D@fDh@VF`Dl@X?ZAv@YPIj@i@`@k@p@{@HKnBcCDGBEFMFFfA~@LJRVJLDNl@pBLj@@@@b@Af@_@tBKh@Ef@Bf@L`@N^^v@JRHNPU\g@^g@BGFMzAsB~IoL`D}DRUnBeCtBoCT[PWn@y@xAoBlHmJf@u@n@iAv@sBRq@Pu@XuARoATaB`@_DFa@D]r@iE\uAd@yAh@gAHODGrC_El@aANSNS`E_GjNyR^e@bA}At@}Ap@{Bh@_CRoBJgBBuA?gAE}@KuAQuBYgDEg@VK~EsB`MsFH\n@pAzDlHlLpU');
INSERT INTO routes (id, "schoolId", name, direction, "vehicleId", "startTime", polyline) VALUES
    ('a0000000-0004-0004-0000-000000000001', '30000000-0000-0000-0004-000000000001', 'JYOUNG Route 4 AM', 'AM', 'BUS-JYOUNG-04', '07:25', 'cphsGbzinMBAJAJ@JPv@hB@DHNx@aAx@w@d@]p@]v@]PKPKBNBHXp@^l@VTN@H?lAFH?\CLIdAyAFMLMBEzAqBHKHKp@{@DEFKOWACuHqNACIQKOAECCqByDk@eAUc@mD{GgCuEKQeBcDcCqEIOQ[a@u@qAcCc@w@Wg@KQqAaCw@yA_BwCyAmCS_@_B{CgAqBUa@Oe@}AiCWe@KSKYESGY@IAOEOIIIEGAQEQMQUS[QYw@{Ak@kAU[Y_@WWSOQKSMQIQGQEQCSAg@Cm@BWBG@[Ja@Nw@Xm@TmA`@kAb@e@Jc@DS@WAe@GIAEAQGQISISM[[W[GKIMwA_C_BuCq@oA[m@OWMW{CyFKSEI]o@ACGWISCICI?K?E?GAKCIEGGEE?E?GEGECEQWMK]o@CGgBaDcBeDEGaBcDCEMWIOKS_@w@O_@Ma@Cg@Dg@Ji@^uB@g@Ac@AAMk@m@qBEOKMSWMKgA_AGGGLCDEFoBbCIJq@z@a@j@k@h@QHw@X[@Y?aDm@WGgDi@EAC?');
INSERT INTO routes (id, "schoolId", name, direction, "vehicleId", "startTime", polyline) VALUES
    ('a0000000-0004-0004-0000-000000000002', '30000000-0000-0000-0004-000000000001', 'JYOUNG Route 4 PM', 'PM', 'BUS-JYOUNG-04', '15:10', 'aulsGx|cnMB?D@fDh@VF`Dl@X?ZAv@YPIj@i@`@k@p@{@HKnBcCDGBEFMFFfA~@LJRVJLDNl@pBLj@@@@b@Af@_@tBKh@Ef@Bf@L`@N^^v@JRHNLVBD`BbDDFbBdDfB`DBF\n@FPNZ@FBH?N?F?F@H@HDFDBFBD?F@DDFFLNLN@B\n@DHJRzCxFLVNVZl@p@nA~AtCvA~BHLFJVZZZRLRHPHPFD@H@d@FV@RAb@Ed@KjAc@lAa@l@Uv@Y`@OZKFAVCl@Cf@BR@PBPDPFPHRLPJRNVVX^TZj@jAv@zAPXRZH\BLBL@V?L@LDJDHHDFBVHJLf@z@BBfBtCVZT`@fApB~AzCR^xAlC~AvCv@xApA`CJPVf@b@v@pAbC`@t@PZHNbCpEdBbDJPfCtElDzGTb@j@dApBxDBB@DJNHP@BtHpN@BNVGJEDq@z@IJIJ{ApBCDMLa@s@SYOQ[So@QYA]Bo@RQJy@~@QJQJw@\q@\e@\y@v@y@`AIOAEw@iBKQKAK@C@');
INSERT INTO routes (id, "schoolId", name, direction, "vehicleId", "startTime", polyline) VALUES
    ('a0000000-0004-0005-0000-000000000001', '30000000-0000-0000-0004-000000000001', 'JYOUNG Route 5 AM', 'AM', 'BUS-JYOUNG-05', '07:30', 'yfosGbiknMwAmCW_@Se@Wc@WPOLe@wBc@_BIUWq@c@y@uAeCEGIMWZuBpCoA~AcDpEEDGJQ]CEi@_Am@iAWa@OUMOQMOMOKSOSKQIc@OIC[MEAEKEKOQWQMMGKCGAMAU?]Nm@FWNg@Tw@JUNa@Tk@LUJUJSFKFMXe@NUHM\e@Zc@PUbBuCjA_BFKPULQLOjDoE`CqCnDkEJMJKf@q@TQdBkB`@e@l@u@V]hAyA\c@x@}@NSNSLOj@s@pA_Bt@_A|AoBv@cAh@s@v@cAlBiCTYRY`B{BtDiFfCkDJONUJQ|@yAt@gBv@_Ct@qBBGJUFSHWHQf@eAP]Rc@f@aAr@gAlAcBdAoAJMTWLMTWLOVYjB{BTWNQLQtCoDpAaBpA{AfCuCRUJQjDgEHKhA{AtC{DbEyF`@o@jA_Bl@u@lA{ARWPKHGFG~AkBRUIOKS_@w@O_@Ma@Cg@Dg@Ji@^uB@g@Ac@AAMk@m@qBEOKMSWMKgA_AGGGLCDEFoBbCIJq@z@a@j@k@h@QHw@X[@Y?aDm@WGgDi@EAC?');
INSERT INTO routes (id, "schoolId", name, direction, "vehicleId", "startTime", polyline) VALUES
    ('a0000000-0004-0005-0000-000000000002', '30000000-0000-0000-0004-000000000001', 'JYOUNG Route 5 PM', 'PM', 'BUS-JYOUNG-05', '15:15', 'aulsGx|cnMB?D@fDh@VF`Dl@X?ZAv@YPIj@i@`@k@p@{@HKnBcCDGBEFMFFfA~@LJRVJLDNl@pBLj@@@@b@Af@_@tBKh@Ef@Bf@L`@N^^v@JRST}AlBMRMTSVmAzAm@t@kA~Ak@f@_@f@gFxGgDlEY\WZyBhCONUTqHvIqCdDOPMP]`@m@r@g@l@e@h@MPUTMNe@d@wA`BsAfBmA`Ce@lA_@~@EFGVINGPeBxE[x@k@tAs@vAMPOTIJiAtAkCtD{BzCuAjBORQVqDzEe@l@iCfDyBrC_AjAOPOTML_@b@m@v@UXqDvEoAdBOZg@p@KJKLoDjEaCpCkDnEMNMPQTGJkA~A{@dAQREDY\e@j@g@n@Wb@c@p@CDGLMVKTSb@Yp@O\EPKVELOh@[rAKj@CPKl@PVLFj@PNDf@BD@ZLHBb@NPHRJRNNJNRPTT`@@BDHP\Zp@Zr@Rb@BDP^PUFKDEbDqEnA_BtBqCV[HLDFtAdCb@x@Vp@HTb@~Ad@vBNMVQVb@Rd@V^vAlC');
INSERT INTO routes (id, "schoolId", name, direction, "vehicleId", "startTime", polyline) VALUES
    ('a0000000-0005-0001-0000-000000000001', '30000000-0000-0000-0005-000000000001', 'MPLWD Route 1 AM', 'AM', 'BUS-MPLWD-01', '07:00', 'mhmsG|eenMtAl@zCrAvCrAtAj@NNbAlBJPNZJQjDgEHKhA{AtC{DbEyF`@o@jA_Bl@u@lA{ARWPKHGFG~AkBRULVBD`BbDDFbBdDfB`DBF\n@FPNZ@FBH?N?F?F@H@HDFDBFBD?F@DDFFLNLN@B\n@DHJRzCxFLVNVZl@p@nA~AtCvA~BHLFJVZZZRLRHPHPFD@H@d@FV@RAb@Ed@KjAc@lAa@l@Uv@Y`@OZKFAVCl@Cf@BR@PBPDPFPHRLPJRNVVX^TZj@jAv@zAPXRZH\BLBL@V?L@LDJDHHDFBJAJGFMBO@IDUHUj@cAp@u@t@{@DGJKt@{@f@k@d@a@`@]d@]x@k@`@WrBgAJE~@i@l@O^EDBF?HADEFGBK?GNSDIb@e@lA_AdAeAf@q@r@{@b@]FEXKB?B?NHLLB@T^Rb@LZXjAh@c@L^?@');
INSERT INTO routes (id, "schoolId", name, direction, "vehicleId", "startTime", polyline) VALUES
    ('a0000000-0005-0001-0000-000000000002', '30000000-0000-0000-0005-000000000001', 'MPLWD Route 1 PM', 'PM', 'BUS-MPLWD-01', '14:45', 'khhsGjpenM?AM_@i@b@YkAM[Sc@Me@CGEWEQ?I?MCKGIGEEAC?IBGDGJAL?DM^EJYl@s@z@g@p@eAdAmA~@i@PGBUBECI?G@GBEHCHADWZe@f@_Ah@KDsBfAa@Vy@j@e@\a@\e@`@g@j@u@z@KJEFu@z@q@t@w@p@MFQDGAQEQMQUS[QYw@{Ak@kAU[Y_@WWSOQKSMQIQGQEQCSAg@Cm@BWBG@[Ja@Nw@Xm@TmA`@kAb@e@Jc@DS@WAe@GIAEAQGQISISM[[W[GKIMwA_C_BuCq@oA[m@OWMW{CyFKSEI]o@ACGWISCICI?K?E?GAKCIEGGEE?E?GEGECEQWMK]o@CGgBaDcBeDEGaBcDCEMWIOST}AlBMRMTSVmAzAm@t@kA~Ak@f@_@f@gFxGgDlEY\WZyBhCONKQcAmBOOuAk@wCsA{CsAuAm@');
INSERT INTO routes (id, "schoolId", name, direction, "vehicleId", "startTime", polyline) VALUES
    ('a0000000-0005-0002-0000-000000000001', '30000000-0000-0000-0005-000000000001', 'MPLWD Route 2 AM', 'AM', 'BUS-MPLWD-02', '07:10', 'ksisG`c~mMKAIGIGKKFQDMT}@Jc@L_AF_@BOJe@Ps@Vi@Vi@Pe@LYR_AFYDo@A]?e@Ew@Gi@EYO}@ACYcAEOGQIYq@wBEQACK]LIBCbBcAnAu@f@Y@ATOpDxL~AlFnBvGd@pBPz@R|AVpCDj@Dd@ZzDVbDH|@Dn@H`ABTLxADp@N|AB\Df@XfDPtBJtAD|@?fACtAKfBSnBi@~Bq@zBu@|AcA|A_@d@kNxRaE~FORP\r@pAr@pAt@tAH\rAbCLDNVr@nAvErIHP^p@bEzHnBpDzArCpBxD`@v@t@zAnA~BpBxDn@lAjF|J~@fBDJd@hAjClFt@tALXKNmD~EuBtCs@bAyAnBqCpDsBlCe@`@GDUNEAC?IBGDGJAL?D@LBLFFHDB?B?NHLLB@T^Rb@LZXjAh@c@L^?@');
INSERT INTO routes (id, "schoolId", name, direction, "vehicleId", "startTime", polyline) VALUES
    ('a0000000-0005-0002-0000-000000000002', '30000000-0000-0000-0005-000000000001', 'MPLWD Route 2 PM', 'PM', 'BUS-MPLWD-02', '14:55', 'khhsGjpenM?AM_@i@b@YkAM[Sc@Me@CGEWEQ?IDOJY@CZs@rBmCpCqDxAoBr@cAtBuClD_FJOHMMWm@sA}@cBwAiCk@aAGI_AgBkF}Jo@mAqByDoA_Cu@{Aa@w@qByD{AsCoBqDcE{H_@q@IQwEsIs@oAOWCWuA_CQOu@uAs@qAs@qAQ]NS`E_GjNyR^e@bA}At@}Ap@{Bh@_CRoBJgBBuA?gAE}@KuAQuBYgDEg@C]O}AEq@MyACUIaAEo@I}@WcD[{DEe@Ek@WqCS}AQ{@e@qBoBwG_BmFqDyLUNA@g@XoAt@cBbACBMHJ\@BDPp@vBHXFPDNXbA@BN|@DXFh@Dv@?d@@\En@GXS~@MXQd@Wh@Wh@Qr@Kd@CNG^M~@Kb@U|@ELGPJJHFHFJ@');
INSERT INTO routes (id, "schoolId", name, direction, "vehicleId", "startTime", polyline) VALUES
    ('a0000000-0005-0003-0000-000000000001', '30000000-0000-0000-0005-000000000001', 'MPLWD Route 3 AM', 'AM', 'BUS-MPLWD-03', '07:15', '_bcsGn{`nMyGuM}Qo^kJqQcDcGiDyGs@{AUc@sDmGYg@oCgFc@wAk@aCIq@KeAQaG}CtAuVxKcZ~LwD`BoT`J_IdDaMrF_FrBWJDf@XfDPtBJtAD|@?fACtAKfBSnBi@~Bq@zBu@|AcA|A_@d@kNxRaE~FORP\r@pAr@pAt@tAH\rAbCLDNVr@nAvErIHP^p@bEzHnBpDzArCpBxD`@v@t@zAnA~BpBxDn@lAjF|J~@fBDJd@hAjClFt@tALXKNmD~EuBtCs@bAyAnBqCpDsBlCe@`@GDUNEAC?IBGDGJAL?D@LBLFFHDB?B?NHLLB@T^Rb@LZXjAh@c@L^?@');
INSERT INTO routes (id, "schoolId", name, direction, "vehicleId", "startTime", polyline) VALUES
    ('a0000000-0005-0003-0000-000000000002', '30000000-0000-0000-0005-000000000001', 'MPLWD Route 3 PM', 'PM', 'BUS-MPLWD-03', '15:00', 'khhsGjpenM?AM_@i@b@YkAM[Sc@Me@CGEWEQ?IDOJY@CZs@rBmCpCqDxAoBr@cAtBuClD_FJOHMMWm@sA}@cBwAiCk@aAGI_AgBkF}Jo@mAqByDoA_Cu@{Aa@w@qByD{AsCoBqDcE{H_@q@IQwEsIs@oAOWCWuA_CQOu@uAs@qAs@qAQ]NS`E_GjNyR^e@bA}At@}Ap@{Bh@_CRoBJgBBuA?gAE}@KuAQuBYgDEg@VK~EsB`MsF~HeDnTaJvDaBbZ_MtVyK|CuAP`GJdAHp@j@`Cb@vAnCfFXf@rDlGTb@r@zAhDxGbDbGjJpQ|Qn^xGtM');
INSERT INTO routes (id, "schoolId", name, direction, "vehicleId", "startTime", polyline) VALUES
    ('a0000000-0005-0004-0000-000000000001', '30000000-0000-0000-0005-000000000001', 'MPLWD Route 4 AM', 'AM', 'BUS-MPLWD-04', '07:25', 'yycsG~cknMh@SXKHCp@UTKTSh@w@FKIOqKcSwCaG{BeEs@qAqAoCYk@U_@Wg@m@gAwAqC}CaGMUO]sAiCqB}DcAuBMWKSiBqDsBaEw@cBw@wAyDmHiBqDkBsDO[w@}Aq@sAKSgA{BaAkB_AgBS[GGUa@KSg@cACICICK??@M?KCKEIIEAAKGIIEGy@{ACGWe@_@u@gBkDy@yAm@kAi@aAu@uAkA{BeAoBg@aAQ_@MUeBgDoAaCQ[}G_MUe@Ye@[m@[s@e@{@Yk@sByDMUILKNmD~EuBtCs@bAyAnBqCpDsBlCe@`@GDUNEAC?IBGDGJAL?D@LBLFFHDB?B?NHLLB@T^Rb@LZXjAh@c@L^?@');
INSERT INTO routes (id, "schoolId", name, direction, "vehicleId", "startTime", polyline) VALUES
    ('a0000000-0005-0004-0000-000000000002', '30000000-0000-0000-0005-000000000001', 'MPLWD Route 4 PM', 'PM', 'BUS-MPLWD-04', '15:10', 'khhsGjpenM?AM_@i@b@YkAM[Sc@Me@CGEWEQ?IDOJY@CZs@rBmCpCqDxAoBr@cAtBuClD_FJOLRT`@bB`DT\f@z@`@j@Zl@Xd@Td@|G~LPZnA`CdBfDLTP^f@`AdAnBjAzBt@tAh@`Al@jAx@xAfBjD^t@Pj@BFr@bBBF?J@P?BAH@J@HBFDDFB@@HBHFHJb@p@TT\^FFRZ~@fB`AjBfAzBJRp@rAv@|ANZjBrDhBpDxDlHv@vAv@bBrB`EhBpDJRLVbAtBpB|DrAhCN\LT|C`GvApCl@fAVf@T^Xj@pAnCr@pAzBdEvC`GpKbSHNGJi@v@URUJq@TIBYJi@R');
INSERT INTO routes (id, "schoolId", name, direction, "vehicleId", "startTime", polyline) VALUES
    ('a0000000-0005-0005-0000-000000000001', '30000000-0000-0000-0005-000000000001', 'MPLWD Route 5 AM', 'AM', 'BUS-MPLWD-05', '07:30', 'g`ksGdjknMHIfDqEHM}AqCILiDrECFwAgCEItAoB@KAOGKgAcAGEKAGD}@fAIQCGa@s@Wg@GEGAEB_@f@yAnBeA~AKFG@GEEGuCsFw@uACEGAI?EDOTq@z@CFGFKQeAiBCKCK?ACMAM?G@GDSFKHMPUJMJSL[L[JWNa@H[Pu@BUJq@Js@Jg@Rm@Xm@\i@BCXc@bA{AFKtBoCT[lAcB`@i@FKHKV[MWIO}@_BeDcGuBwD]m@Q]PS~@mANUNYPa@Pg@X_@`AmAbAoAV]NSHODGRY|AsBzByCDEDGBGFGFIJK^i@n@u@p@u@LKFEHIHGHGFCHEJCFADADEDGBI@IBOBMHOFQJQDIFKLSt@{@v@{@nEgFlEgFrEqF|CsDdGmHVMFCZKFBJAJGFMBO@IDUHUj@cAp@u@t@{@DGJKt@{@f@k@d@a@`@]d@]x@k@`@WrBgAJE~@i@l@O^EDBF?HADEFGBK?GNSDIb@e@lA_AdAeAf@q@r@{@b@]FEXKB?B?NHLLB@T^Rb@LZXjAh@c@L^?@');
INSERT INTO routes (id, "schoolId", name, direction, "vehicleId", "startTime", polyline) VALUES
    ('a0000000-0005-0005-0000-000000000002', '30000000-0000-0000-0005-000000000001', 'MPLWD Route 5 PM', 'PM', 'BUS-MPLWD-05', '15:15', 'khhsGjpenM?AM_@i@b@YkAM[Sc@Me@CGEWEQ?I?MCKGIGEEAC?IBGDGJAL?DM^EJYl@s@z@g@p@eAdAmA~@i@PGBUBECI?G@GBEHCHADWZe@f@_Ah@KDsBfAa@Vy@j@e@\a@\e@`@g@j@u@z@KJEFu@z@q@t@w@p@MFQDGAI@GDEHEHCJ?L@LDJDHHDFBVHJLf@z@BBfBtCVZT`@fApB~AzCIJa@j@mBdCEFeBxBUZMN{@fAc@j@q@|@y@bAWZ_@f@[`@c@h@w@bAkA|Au@|@OPq@|@GFEFs@~@UVg@n@a@h@y@dAs@z@u@`Ac@j@WZCDKLqA`Bq@x@{@dAeAtA{@dAMPo@v@MPKLUXSXi@p@MPUXGH{AlBq@|@o@x@MPOPe@ZWX}@hAQRW^IHEHORmA|A}CfEIJ_ApA_@j@y@|AOf@Ib@ShAUbBQp@Qj@Sd@]r@GJMPOREDE@IDECE?G@EDEFCHAJ@H@JDFDDD@D@DAFJFFDDJDdAhBJPFGBGp@{@NUDEH?F@BDv@tAtCrFDFFDFAJGdA_BxAoB^g@DCF@FDVf@`@r@BFHP|@gAFEJ@FDfAbAFJ@NAJuAnBDHvAfCBGhDsEHM|ApCILgDpEIH');
INSERT INTO routes (id, "schoolId", name, direction, "vehicleId", "startTime", polyline) VALUES
    ('a0000000-0006-0001-0000-000000000001', '30000000-0000-0000-0006-000000000001', 'AYJACK Route 1 AM', 'AM', 'BUS-AYJACK-01', '07:00', 'w`ssGdhcnMs@wBe@{@gAuDqDgLiAqDcNmd@AGAEc@uAAGACy]cjA_AwCiNoe@eBeGqAyDe@oC{AgGQmAKsA?gAHcAt@cGDg@Nw@LkAHc@N_@R_@NOLK|BcAf@Oh@OVKv@YnAo@^[nGuClI_EdIcEl@[|@UHEVMv@[X@T?D@HBFDFJJPHNTfA`AnEhC|Lt@pCbAjDfCxHzDxJrG`PBDBF`KrV|FrNpBhFf@tAb@vAn@tBj@tBjAdFBH|@vDrCdM`ArEjAtEhDhO\jB`@hCNxAJvAFdBBrB?dAGnCQfFErAIjE@zBD|@@PVrD@D@FRzArApHPrAHrA?v@ChAGbAMdAMp@Mx@K`AG^El@?rA@lA?J@VBh@NILGxAq@ZOd@Ud@UVK@ArCuAdH_Dz@_@PIRKf@Uj@WzOmHrGyCrCoA|As@b@S`Ae@FEVKXOLGv@_@f@Uv@_@zAq@\QzBeARKRIf@UdCkA\QVKDR@H^|Bf@|BDTVx@@DFNJRBFh@jABB|B`DvAxA|EpDHFbAr@x@l@z@n@PLRNjAr@hAv@j@^DBBMDGLYj@^RAXYV_@V_@T_@NUHOKU_@i@EKEI{@}A[k@');
INSERT INTO routes (id, "schoolId", name, direction, "vehicleId", "startTime", polyline) VALUES
    ('a0000000-0006-0001-0000-000000000002', '30000000-0000-0000-0006-000000000001', 'AYJACK Route 1 PM', 'PM', 'BUS-AYJACK-01', '14:45', 'otmsGnccnMZj@z@|ADHYb@W^SZABs@hAK^MXEFCLECk@_@iAw@kAs@SOQM{@o@y@m@cAs@IG}EqDwAyA}BaDCCi@kACGKSGOAEWy@EUg@}B_@}BAIESG]UJkAh@KDwB`AQHSJsB~@uFfC_@PIDKD[NULw@`@wCpA}G~CcChAwN|GwBbASJOF{@^}GzCu@\kBz@{B`AiAf@GDQFOFIDYL{NtGo@XkB`AuAp@OHUJMFU@YFoARc@F[@S?MAUEYK]SUQ]_@Ym@Uq@GSaDeJmBkF_B{E');
INSERT INTO routes (id, "schoolId", name, direction, "vehicleId", "startTime", polyline) VALUES
    ('a0000000-0006-0002-0000-000000000001', '30000000-0000-0000-0006-000000000001', 'AYJACK Route 2 AM', 'AM', 'BUS-AYJACK-02', '07:10', 'uhosGdazmMIo@W_A?AAE?m@mAYmAYaASyA[s@Qu@Ow@Qy@Qu@Qq@Oq@O{@SiAWkAWiAUy@Si@Kc@KuA[k@Me@Ka@I{A_@}@UOESEoCi@QEMESEkBa@u@O_AQ_AIu@Ca@Ge@?]D[Di@PcChAs@Zy@\gDvAOHMH_Bt@cBv@}AbA}At@yAt@w@`@SJ}Az@cAXsAn@iB~@[RoAp@g@TULOJHZFP\lAp@vBTr@Zb@Xx@X|@@H`@lAHXFf@b@tAJ\J`@Nj@^t@BFL`@v@~B`@nAr@`CBHXz@FRd@zAXz@b@rAL\B^d@~AFRDPt@zBp@pBx@dCNh@@FJ^J^Pf@Pj@FR`BhF^jAbAzC|AtExFdQp@hBrEbOBJxBfHj@fBpEtNlAzD~ZtbAzClJVjAt@|Cx@nCZfAfApD\lA^lAHTDPL`@XOLGv@_@f@Uv@_@zAq@\QzBeARKRIf@UdCkA\QVKDR@H^|Bf@|BDTVx@@DFNJRBFh@jABB|B`DvAxA|EpDHFbAr@x@l@z@n@PLRNjAr@hAv@j@^DBBMDGLYj@^RAXYV_@V_@T_@NUHOKU_@i@EKEI{@}A[k@');
INSERT INTO routes (id, "schoolId", name, direction, "vehicleId", "startTime", polyline) VALUES
    ('a0000000-0006-0002-0000-000000000002', '30000000-0000-0000-0006-000000000001', 'AYJACK Route 2 PM', 'PM', 'BUS-AYJACK-02', '14:55', 'otmsGnccnMZj@z@|ADHYb@W^SZABs@hAK^MXEFCLECk@_@iAw@kAs@SOQM{@o@y@m@cAs@IG}EqDwAyA}BaDCCi@kACGKSGOAEWy@EUg@}B_@}BAIESG]UJkAh@KDwB`AQHSJsB~@uFfCg@EECGA][cBwFmBkGeAyC_@cA{CmJ_[ubAmA{DqEuNk@gByBgHCKsEcOi@qBoFiQuGoSSo@M_@Us@CIWw@Qm@_DoJGUIWe@wAQUM]c@sAY{@e@{AGSY{@CIs@aCa@oAw@_CMa@CGK}@Qo@Ka@K[g@{AUWIYa@mAAIY}@Yy@Em@a@oAOe@M_@O{A?K@GDQHUrBgAn@]x@a@nAo@|@w@|A{@RKv@a@xAu@|Au@`Bi@|@_@hCoANGNGvCwAfAe@p@[hCcA|A[`ASt@B~@H~@Pt@NjB`@RDLDPDnCh@RDND|@TzA^`@Hd@Jj@LtAZb@Jh@Jx@RhATjAVhAVz@Rp@Np@Nt@Px@Pv@Pt@Nr@PxAZ`ARlAXlAX?l@@D?@V~@Hn@');
INSERT INTO routes (id, "schoolId", name, direction, "vehicleId", "startTime", polyline) VALUES
    ('a0000000-0006-0003-0000-000000000001', '30000000-0000-0000-0006-000000000001', 'AYJACK Route 3 AM', 'AM', 'BUS-AYJACK-03', '07:15', 'c}hsG|r~mMz@s@HKBKAQAMAOK[Ok@AK@MDGFCLGTGVbDH|@Dn@H`ABTLxADp@N|AB\Df@XfDPtBJtAD|@?fACtAKfBSnBi@~Bq@zBu@|AcA|A_@d@kNxRaE~FORORm@`AsC~DEFINi@fAe@xA]tAs@hEE\G`@a@~CU`BSnAYtAQt@Sp@w@rBo@hAg@t@mHlJyAnBo@x@QVUZuBnCoBdCSTaD|D_JnL{ArBIDCBcAjASTKS_@w@O_@Ma@Cg@Dg@Ji@^uB@g@Ac@AAMk@m@qBEOKMSWMKgA_AGGaEaDyAmAGCYMkBYa@IcHoA{AUcAOC?]GqAOe@?_@DMBK@SHi@V[Rm@l@SZWd@Uh@Ob@o@hB_A|Be@lAGLKKmAgA]]m@g@MKq@k@sAeAQMBMDGLYj@^RAXYV_@V_@T_@NUHOKU_@i@EKEI{@}A[k@');
INSERT INTO routes (id, "schoolId", name, direction, "vehicleId", "startTime", polyline) VALUES
    ('a0000000-0006-0003-0000-000000000002', '30000000-0000-0000-0006-000000000001', 'AYJACK Route 3 PM', 'PM', 'BUS-AYJACK-03', '15:00', 'otmsGnccnMZj@z@|ADHYb@W^SZABs@hAK^MXEFCLPLrAdAp@j@LJl@f@\\lAfAJJFMd@mA~@}Bn@iBNc@Ti@Ve@R[l@m@ZSh@WRIJALC^Ed@?pAN\FB?bANzATbHnA`@HjBXXLFBxAlA`E`DFFfA~@LJRVJLDNl@pBLj@@@@b@Af@_@tBKh@Ef@Bf@L`@N^^v@JRHNPU\g@^g@BGFMzAsB~IoL`D}DRUnBeCtBoCT[PWn@y@xAoBlHmJf@u@n@iAv@sBRq@Pu@XuARoATaB`@_DFa@D]r@iE\uAd@yAh@gAHODGrC_El@aANSNS`E_GjNyR^e@bA}At@}Ap@{Bh@_CRoBJgBBuA?gAE}@KuAQuBYgDEg@C]O}AEq@MyACUIaAEo@I}@WcDUFMFGBEFAL@JNj@JZ@N@L@PCJIJ{@r@');
INSERT INTO routes (id, "schoolId", name, direction, "vehicleId", "startTime", polyline) VALUES
    ('a0000000-0006-0004-0000-000000000001', '30000000-0000-0000-0006-000000000001', 'AYJACK Route 4 AM', 'AM', 'BUS-AYJACK-04', '07:25', 's~hsG|shnM\WdBoAJE\OpBm@VQnCgD|@qAHKeBcDcCqEIOQ[a@u@qAcCc@w@Wg@KQqAaCw@yA_BwCyAmCS_@_B{CgAqBUa@Oe@}AiCWe@KSKYESGY@IAOEOIIIEGAQEQMQUS[QYw@{Ak@kAU[Y_@WWSOQKSMQIQGQEQCSAg@Cm@BWBG@[Ja@Nw@Xm@TmA`@kAb@e@Jc@DS@WAe@GIAEAQGQISISM[[W[GKIMwA_C_BuCq@oA[m@OWMW{CyFKSEI]o@ACGWISCICI?K?E?GAKCIEGGEE?E?GEGECEQWMK]o@CGgBaDcBeDEGaBcDCEMWIOKS_@w@O_@Ma@Cg@Dg@Ji@^uB@g@Ac@AAMk@m@qBEOKMSWMKgA_AGGaEaDyAmAGCYMkBYa@IcHoA{AUcAOC?]GqAOe@?_@DMBK@SHi@V[Rm@l@SZWd@Uh@Ob@o@hB_A|Be@lAGLKKmAgA]]m@g@MKq@k@sAeAQMBMDGLYj@^RAXYV_@V_@T_@NUHOKU_@i@EKEI{@}A[k@');
INSERT INTO routes (id, "schoolId", name, direction, "vehicleId", "startTime", polyline) VALUES
    ('a0000000-0006-0004-0000-000000000002', '30000000-0000-0000-0006-000000000001', 'AYJACK Route 4 PM', 'PM', 'BUS-AYJACK-04', '15:10', 'otmsGnccnMZj@z@|ADHYb@W^SZABs@hAK^MXEFCLPLrAdAp@j@LJl@f@\\lAfAJJFMd@mA~@}Bn@iBNc@Ti@Ve@R[l@m@ZSh@WRIJALC^Ed@?pAN\FB?bANzATbHnA`@HjBXXLFBxAlA`E`DFFfA~@LJRVJLDNl@pBLj@@@@b@Af@_@tBKh@Ef@Bf@L`@N^^v@JRHNLVBD`BbDDFbBdDfB`DBF\n@FPNZ@FBH?N?F?F@H@HDFDBFBD?F@DDFFLNLN@B\n@DHJRzCxFLVNVZl@p@nA~AtCvA~BHLFJVZZZRLRHPHPFD@H@d@FV@RAb@Ed@KjAc@lAa@l@Uv@Y`@OZKFAVCl@Cf@BR@PBPDPFPHRLPJRNVVX^TZj@jAv@zAPXRZH\BLBL@V?L@LDJDHHDFBVHJLf@z@BBfBtCVZT`@fApB~AzCR^xAlC~AvCv@xApA`CJPVf@b@v@pAbC`@t@PZHNbCpEdBbDIJ}@pAoCfDWPqBl@]NKDeBnA]V');
INSERT INTO routes (id, "schoolId", name, direction, "vehicleId", "startTime", polyline) VALUES
    ('a0000000-0006-0005-0000-000000000001', '30000000-0000-0000-0006-000000000001', 'AYJACK Route 5 AM', 'AM', 'BUS-AYJACK-05', '07:30', 'cipsGbiknMDEgAoBY\KNg@}@c@y@YA_@AMA?i@@m@@m@@o@Dw@Ds@Fm@BYFg@BODUFe@BKLs@Nm@FWNg@Tw@JUNa@Tk@LUJUJSFKFMXe@NUHM\e@Zc@PUbBuCjA_BFKPULQLOjDoE`CqCnDkEJMJKf@q@TQdBkB`@e@l@u@V]hAyA\c@x@}@NSNSLOj@s@pA_Bt@_A|AoBv@cAh@s@v@cAlBiCTYRY`B{BtDiFfCkDJONUJQ|@yAt@gBv@_Ct@qBBGJUFSHWHQf@eAP]Rc@f@aAr@gAlAcBdAoAJMTWLMTWS_@KOS_@gAqBe@{@]m@QYOY}AuCq@mAEGaAiB[i@}AuCcAiB{AsCo@kAOWHKd@o@n@y@FGh@q@NKRIhA]XKRS^e@nA}AVa@JQHSBIBG@KF]DWBi@?g@Ay@@{@B[@OFe@Hg@He@Lc@t@kBJWDMJYzBkGKKmAgA]]m@g@MKq@k@sAeAQMBMDGLYj@^RAXYV_@V_@T_@NUHOKU_@i@EKEI{@}A[k@');
INSERT INTO routes (id, "schoolId", name, direction, "vehicleId", "startTime", polyline) VALUES
    ('a0000000-0006-0005-0000-000000000002', '30000000-0000-0000-0006-000000000001', 'AYJACK Route 5 PM', 'PM', 'BUS-AYJACK-05', '15:15', 'otmsGnccnMZj@z@|ADHYb@W^SZABs@hAK^MXEFCLPLrAdAp@j@LJl@f@\\lAfAJJ{BjGKXELKVu@jBMb@Id@If@Gd@ANCZAz@@x@?f@Ch@EVG\AJCFCHIRKPW`@oA|A_@d@SRYJiA\SHOJi@p@GFo@x@e@n@IJSTPXxBxDvAdC|B`EHN\l@~@bBDHTb@rAdCLXPZh@dAh@bAb@x@D~@?HAHAHIb@wA`BsAfBmA`Ce@lA_@~@EFGVINGPeBxE[x@k@tAs@vAMPOTIJiAtAkCtD{BzCuAjBORQVqDzEe@l@iCfDyBrC_AjAOPOTML_@b@m@v@UXqDvEoAdBOZg@p@KJKLoDjEaCpCkDnEMNMPQTGJkA~A{@dAQREDY\e@j@g@n@Wb@c@p@CDGLMVKTSb@Yp@O\EPKVELOh@[rAKj@CPKl@E\E^ERAJAJC`@Ed@?FC^Cd@Ad@Av@AxAOMCAc@@]@SNs@AM?M_@ACpAC?N?XRF\?b@@BANKT@L@^@X@b@x@f@|@JOX]fAnBED');

-- ===================== Route Stops =====================
INSERT INTO route_stops (id, "routeId", "sequence", "address", lat, lng, "location") VALUES
    ('a1000000-0001-0001-0001-000000000001', 'a0000000-0001-0001-0000-000000000001', 1, 'AM Stop 1 - Elm St & Maple Ave', 45.29063, -75.89104, ST_SetSRID(ST_MakePoint(-75.89104, 45.29063), 4326)::geography);
INSERT INTO route_stops (id, "routeId", "sequence", "address", lat, lng, "location") VALUES
    ('a1000000-0001-0001-0001-000000000002', 'a0000000-0001-0001-0000-000000000001', 2, 'AM Stop 2 - Maple Ave & Oak Dr', 45.28573, -75.88653, ST_SetSRID(ST_MakePoint(-75.88653, 45.28573), 4326)::geography);
INSERT INTO route_stops (id, "routeId", "sequence", "address", lat, lng, "location") VALUES
    ('a1000000-0001-0001-0001-000000000003', 'a0000000-0001-0001-0000-000000000001', 3, 'AM Stop 3 - Oak Dr & Pine Rd', 45.28082, -75.88065, ST_SetSRID(ST_MakePoint(-75.88065, 45.28082), 4326)::geography);
INSERT INTO route_stops (id, "routeId", "sequence", "address", lat, lng, "location") VALUES
    ('a1000000-0001-0001-0001-000000000004', 'a0000000-0001-0001-0000-000000000001', 4, 'AM Stop 4 - Pine Rd & Cedar Ln', 45.27667, -75.88125, ST_SetSRID(ST_MakePoint(-75.88125, 45.27667), 4326)::geography);
INSERT INTO route_stops (id, "routeId", "sequence", "address", lat, lng, "location") VALUES
    ('a1000000-0001-0001-0001-000000000005', 'a0000000-0001-0001-0000-000000000001', 5, 'AM Stop 5 - Cedar Ln & Birch Blvd', 45.27484, -75.88035, ST_SetSRID(ST_MakePoint(-75.88035, 45.27484), 4326)::geography);
INSERT INTO route_stops (id, "routeId", "sequence", "address", lat, lng, "location") VALUES
    ('a1000000-0001-0001-0001-000000000006', 'a0000000-0001-0001-0000-000000000001', 6, 'AM Stop 6 - Birch Blvd & Willow Way', 45.27282, -75.87941, ST_SetSRID(ST_MakePoint(-75.87941, 45.27282), 4326)::geography);
INSERT INTO route_stops (id, "routeId", "sequence", "address", lat, lng, "location") VALUES
    ('a1000000-0001-0001-0002-000000000001', 'a0000000-0001-0001-0000-000000000002', 1, 'PM Stop 1 - Elm St & Maple Ave', 45.2721, -75.88168, ST_SetSRID(ST_MakePoint(-75.88168, 45.2721), 4326)::geography);
INSERT INTO route_stops (id, "routeId", "sequence", "address", lat, lng, "location") VALUES
    ('a1000000-0001-0001-0002-000000000002', 'a0000000-0001-0001-0000-000000000002', 2, 'PM Stop 2 - Maple Ave & Oak Dr', 45.27295, -75.87888, ST_SetSRID(ST_MakePoint(-75.87888, 45.27295), 4326)::geography);
INSERT INTO route_stops (id, "routeId", "sequence", "address", lat, lng, "location") VALUES
    ('a1000000-0001-0001-0002-000000000003', 'a0000000-0001-0001-0000-000000000002', 3, 'PM Stop 3 - Oak Dr & Pine Rd', 45.27502, -75.88043, ST_SetSRID(ST_MakePoint(-75.88043, 45.27502), 4326)::geography);
INSERT INTO route_stops (id, "routeId", "sequence", "address", lat, lng, "location") VALUES
    ('a1000000-0001-0001-0002-000000000004', 'a0000000-0001-0001-0000-000000000002', 4, 'PM Stop 4 - Pine Rd & Cedar Ln', 45.27805, -75.88296, ST_SetSRID(ST_MakePoint(-75.88296, 45.27805), 4326)::geography);
INSERT INTO route_stops (id, "routeId", "sequence", "address", lat, lng, "location") VALUES
    ('a1000000-0001-0001-0002-000000000005', 'a0000000-0001-0001-0000-000000000002', 5, 'PM Stop 5 - Cedar Ln & Birch Blvd', 45.28456, -75.88515, ST_SetSRID(ST_MakePoint(-75.88515, 45.28456), 4326)::geography);
INSERT INTO route_stops (id, "routeId", "sequence", "address", lat, lng, "location") VALUES
    ('a1000000-0001-0001-0002-000000000006', 'a0000000-0001-0001-0000-000000000002', 6, 'PM Stop 6 - Birch Blvd & Willow Way', 45.28946, -75.89099, ST_SetSRID(ST_MakePoint(-75.89099, 45.28946), 4326)::geography);
INSERT INTO route_stops (id, "routeId", "sequence", "address", lat, lng, "location") VALUES
    ('a1000000-0001-0002-0001-000000000001', 'a0000000-0001-0002-0000-000000000001', 1, 'AM Stop 1 - Cedar Ln & Birch Blvd', 45.27915, -75.85587, ST_SetSRID(ST_MakePoint(-75.85587, 45.27915), 4326)::geography);
INSERT INTO route_stops (id, "routeId", "sequence", "address", lat, lng, "location") VALUES
    ('a1000000-0001-0002-0001-000000000002', 'a0000000-0001-0002-0000-000000000001', 2, 'AM Stop 2 - Birch Blvd & Willow Way', 45.27748, -75.85971, ST_SetSRID(ST_MakePoint(-75.85971, 45.27748), 4326)::geography);
INSERT INTO route_stops (id, "routeId", "sequence", "address", lat, lng, "location") VALUES
    ('a1000000-0001-0002-0001-000000000003', 'a0000000-0001-0002-0000-000000000001', 3, 'AM Stop 3 - Willow Way & Spruce Ct', 45.27741, -75.8621, ST_SetSRID(ST_MakePoint(-75.8621, 45.27741), 4326)::geography);
INSERT INTO route_stops (id, "routeId", "sequence", "address", lat, lng, "location") VALUES
    ('a1000000-0001-0002-0001-000000000004', 'a0000000-0001-0002-0000-000000000001', 4, 'AM Stop 4 - Spruce Ct & Ash Pl', 45.27738, -75.8644, ST_SetSRID(ST_MakePoint(-75.8644, 45.27738), 4326)::geography);
INSERT INTO route_stops (id, "routeId", "sequence", "address", lat, lng, "location") VALUES
    ('a1000000-0001-0002-0001-000000000005', 'a0000000-0001-0002-0000-000000000001', 5, 'AM Stop 5 - Ash Pl & Poplar Cr', 45.27468, -75.86869, ST_SetSRID(ST_MakePoint(-75.86869, 45.27468), 4326)::geography);
INSERT INTO route_stops (id, "routeId", "sequence", "address", lat, lng, "location") VALUES
    ('a1000000-0001-0002-0001-000000000006', 'a0000000-0001-0002-0000-000000000001', 6, 'AM Stop 6 - Poplar Cr & Walnut St', 45.27347, -75.8706, ST_SetSRID(ST_MakePoint(-75.8706, 45.27347), 4326)::geography);
INSERT INTO route_stops (id, "routeId", "sequence", "address", lat, lng, "location") VALUES
    ('a1000000-0001-0002-0001-000000000007', 'a0000000-0001-0002-0000-000000000001', 7, 'AM Stop 7 - Walnut St & Cherry Ln', 45.26935, -75.87706, ST_SetSRID(ST_MakePoint(-75.87706, 45.26935), 4326)::geography);
INSERT INTO route_stops (id, "routeId", "sequence", "address", lat, lng, "location") VALUES
    ('a1000000-0001-0002-0001-000000000008', 'a0000000-0001-0002-0000-000000000001', 8, 'AM Stop 8 - Cherry Ln & Hickory Dr', 45.26794, -75.88169, ST_SetSRID(ST_MakePoint(-75.88169, 45.26794), 4326)::geography);
INSERT INTO route_stops (id, "routeId", "sequence", "address", lat, lng, "location") VALUES
    ('a1000000-0001-0002-0002-000000000001', 'a0000000-0001-0002-0000-000000000002', 1, 'PM Stop 1 - Cedar Ln & Birch Blvd', 45.27195, -75.88229, ST_SetSRID(ST_MakePoint(-75.88229, 45.27195), 4326)::geography);
INSERT INTO route_stops (id, "routeId", "sequence", "address", lat, lng, "location") VALUES
    ('a1000000-0001-0002-0002-000000000002', 'a0000000-0001-0002-0000-000000000002', 2, 'PM Stop 2 - Birch Blvd & Willow Way', 45.27276, -75.87903, ST_SetSRID(ST_MakePoint(-75.87903, 45.27276), 4326)::geography);
INSERT INTO route_stops (id, "routeId", "sequence", "address", lat, lng, "location") VALUES
    ('a1000000-0001-0002-0002-000000000003', 'a0000000-0001-0002-0000-000000000002', 3, 'PM Stop 3 - Willow Way & Spruce Ct', 45.27369, -75.87721, ST_SetSRID(ST_MakePoint(-75.87721, 45.27369), 4326)::geography);
INSERT INTO route_stops (id, "routeId", "sequence", "address", lat, lng, "location") VALUES
    ('a1000000-0001-0002-0002-000000000004', 'a0000000-0001-0002-0000-000000000002', 4, 'PM Stop 4 - Spruce Ct & Ash Pl', 45.27516, -75.87403, ST_SetSRID(ST_MakePoint(-75.87403, 45.27516), 4326)::geography);
INSERT INTO route_stops (id, "routeId", "sequence", "address", lat, lng, "location") VALUES
    ('a1000000-0001-0002-0002-000000000005', 'a0000000-0001-0002-0000-000000000002', 5, 'PM Stop 5 - Ash Pl & Poplar Cr', 45.27471, -75.86948, ST_SetSRID(ST_MakePoint(-75.86948, 45.27471), 4326)::geography);
INSERT INTO route_stops (id, "routeId", "sequence", "address", lat, lng, "location") VALUES
    ('a1000000-0001-0002-0002-000000000006', 'a0000000-0001-0002-0000-000000000002', 6, 'PM Stop 6 - Poplar Cr & Walnut St', 45.27611, -75.86636, ST_SetSRID(ST_MakePoint(-75.86636, 45.27611), 4326)::geography);
INSERT INTO route_stops (id, "routeId", "sequence", "address", lat, lng, "location") VALUES
    ('a1000000-0001-0002-0002-000000000007', 'a0000000-0001-0002-0000-000000000002', 7, 'PM Stop 7 - Walnut St & Cherry Ln', 45.27741, -75.8621, ST_SetSRID(ST_MakePoint(-75.8621, 45.27741), 4326)::geography);
INSERT INTO route_stops (id, "routeId", "sequence", "address", lat, lng, "location") VALUES
    ('a1000000-0001-0002-0002-000000000008', 'a0000000-0001-0002-0000-000000000002', 8, 'PM Stop 8 - Cherry Ln & Hickory Dr', 45.27824, -75.85787, ST_SetSRID(ST_MakePoint(-75.85787, 45.27824), 4326)::geography);
INSERT INTO route_stops (id, "routeId", "sequence", "address", lat, lng, "location") VALUES
    ('a1000000-0001-0003-0001-000000000001', 'a0000000-0001-0003-0000-000000000001', 1, 'AM Stop 1 - Ash Pl & Poplar Cr', 45.25461, -75.8748, ST_SetSRID(ST_MakePoint(-75.8748, 45.25461), 4326)::geography);
INSERT INTO route_stops (id, "routeId", "sequence", "address", lat, lng, "location") VALUES
    ('a1000000-0001-0003-0001-000000000002', 'a0000000-0001-0003-0000-000000000001', 2, 'AM Stop 2 - Poplar Cr & Walnut St', 45.24985, -75.88289, ST_SetSRID(ST_MakePoint(-75.88289, 45.24985), 4326)::geography);
INSERT INTO route_stops (id, "routeId", "sequence", "address", lat, lng, "location") VALUES
    ('a1000000-0001-0003-0001-000000000003', 'a0000000-0001-0003-0000-000000000001', 3, 'AM Stop 3 - Walnut St & Cherry Ln', 45.2552, -75.89493, ST_SetSRID(ST_MakePoint(-75.89493, 45.2552), 4326)::geography);
INSERT INTO route_stops (id, "routeId", "sequence", "address", lat, lng, "location") VALUES
    ('a1000000-0001-0003-0001-000000000004', 'a0000000-0001-0003-0000-000000000001', 4, 'AM Stop 4 - Cherry Ln & Hickory Dr', 45.25763, -75.89603, ST_SetSRID(ST_MakePoint(-75.89603, 45.25763), 4326)::geography);
INSERT INTO route_stops (id, "routeId", "sequence", "address", lat, lng, "location") VALUES
    ('a1000000-0001-0003-0001-000000000005', 'a0000000-0001-0003-0000-000000000001', 5, 'AM Stop 5 - Hickory Dr & Alder Ave', 45.2614, -75.8899, ST_SetSRID(ST_MakePoint(-75.8899, 45.2614), 4326)::geography);
INSERT INTO route_stops (id, "routeId", "sequence", "address", lat, lng, "location") VALUES
    ('a1000000-0001-0003-0001-000000000006', 'a0000000-0001-0003-0000-000000000001', 6, 'AM Stop 6 - Alder Ave & Linden Rd', 45.26559, -75.88317, ST_SetSRID(ST_MakePoint(-75.88317, 45.26559), 4326)::geography);
INSERT INTO route_stops (id, "routeId", "sequence", "address", lat, lng, "location") VALUES
    ('a1000000-0001-0003-0002-000000000001', 'a0000000-0001-0003-0000-000000000002', 1, 'PM Stop 1 - Ash Pl & Poplar Cr', 45.26563, -75.88312, ST_SetSRID(ST_MakePoint(-75.88312, 45.26563), 4326)::geography);
INSERT INTO route_stops (id, "routeId", "sequence", "address", lat, lng, "location") VALUES
    ('a1000000-0001-0003-0002-000000000002', 'a0000000-0001-0003-0000-000000000002', 2, 'PM Stop 2 - Poplar Cr & Walnut St', 45.26131, -75.89004, ST_SetSRID(ST_MakePoint(-75.89004, 45.26131), 4326)::geography);
INSERT INTO route_stops (id, "routeId", "sequence", "address", lat, lng, "location") VALUES
    ('a1000000-0001-0003-0002-000000000003', 'a0000000-0001-0003-0000-000000000002', 3, 'PM Stop 3 - Walnut St & Cherry Ln', 45.25726, -75.89679, ST_SetSRID(ST_MakePoint(-75.89679, 45.25726), 4326)::geography);
INSERT INTO route_stops (id, "routeId", "sequence", "address", lat, lng, "location") VALUES
    ('a1000000-0001-0003-0002-000000000004', 'a0000000-0001-0003-0000-000000000002', 4, 'PM Stop 4 - Cherry Ln & Hickory Dr', 45.25696, -75.89713, ST_SetSRID(ST_MakePoint(-75.89713, 45.25696), 4326)::geography);
INSERT INTO route_stops (id, "routeId", "sequence", "address", lat, lng, "location") VALUES
    ('a1000000-0001-0003-0002-000000000005', 'a0000000-0001-0003-0000-000000000002', 5, 'PM Stop 5 - Hickory Dr & Alder Ave', 45.24788, -75.88606, ST_SetSRID(ST_MakePoint(-75.88606, 45.24788), 4326)::geography);
INSERT INTO route_stops (id, "routeId", "sequence", "address", lat, lng, "location") VALUES
    ('a1000000-0001-0003-0002-000000000006', 'a0000000-0001-0003-0000-000000000002', 6, 'PM Stop 6 - Alder Ave & Linden Rd', 45.25438, -75.87564, ST_SetSRID(ST_MakePoint(-75.87564, 45.25438), 4326)::geography);
INSERT INTO route_stops (id, "routeId", "sequence", "address", lat, lng, "location") VALUES
    ('a1000000-0001-0004-0001-000000000001', 'a0000000-0001-0004-0000-000000000001', 1, 'AM Stop 1 - Hickory Dr & Alder Ave', 45.24917, -75.90259, ST_SetSRID(ST_MakePoint(-75.90259, 45.24917), 4326)::geography);
INSERT INTO route_stops (id, "routeId", "sequence", "address", lat, lng, "location") VALUES
    ('a1000000-0001-0004-0001-000000000002', 'a0000000-0001-0004-0000-000000000001', 2, 'AM Stop 2 - Alder Ave & Linden Rd', 45.25008, -75.90273, ST_SetSRID(ST_MakePoint(-75.90273, 45.25008), 4326)::geography);
INSERT INTO route_stops (id, "routeId", "sequence", "address", lat, lng, "location") VALUES
    ('a1000000-0001-0004-0001-000000000003', 'a0000000-0001-0004-0000-000000000001', 3, 'AM Stop 3 - Linden Rd & Hazel Ct', 45.25243, -75.90463, ST_SetSRID(ST_MakePoint(-75.90463, 45.25243), 4326)::geography);
INSERT INTO route_stops (id, "routeId", "sequence", "address", lat, lng, "location") VALUES
    ('a1000000-0001-0004-0001-000000000004', 'a0000000-0001-0004-0000-000000000001', 4, 'AM Stop 4 - Hazel Ct & Sycamore Dr', 45.25653, -75.8979, ST_SetSRID(ST_MakePoint(-75.8979, 45.25653), 4326)::geography);
INSERT INTO route_stops (id, "routeId", "sequence", "address", lat, lng, "location") VALUES
    ('a1000000-0001-0004-0001-000000000005', 'a0000000-0001-0004-0000-000000000001', 5, 'AM Stop 5 - Sycamore Dr & Laurel Way', 45.25706, -75.89685, ST_SetSRID(ST_MakePoint(-75.89685, 45.25706), 4326)::geography);
INSERT INTO route_stops (id, "routeId", "sequence", "address", lat, lng, "location") VALUES
    ('a1000000-0001-0004-0001-000000000006', 'a0000000-0001-0004-0000-000000000001', 6, 'AM Stop 6 - Laurel Way & Chestnut Blvd', 45.25969, -75.89269, ST_SetSRID(ST_MakePoint(-75.89269, 45.25969), 4326)::geography);
INSERT INTO route_stops (id, "routeId", "sequence", "address", lat, lng, "location") VALUES
    ('a1000000-0001-0004-0001-000000000007', 'a0000000-0001-0004-0000-000000000001', 7, 'AM Stop 7 - Chestnut Blvd & Magnolia Ct', 45.26354, -75.88649, ST_SetSRID(ST_MakePoint(-75.88649, 45.26354), 4326)::geography);
INSERT INTO route_stops (id, "routeId", "sequence", "address", lat, lng, "location") VALUES
    ('a1000000-0001-0004-0001-000000000008', 'a0000000-0001-0004-0000-000000000001', 8, 'AM Stop 8 - Magnolia Ct & Elm St', 45.26725, -75.88083, ST_SetSRID(ST_MakePoint(-75.88083, 45.26725), 4326)::geography);
INSERT INTO route_stops (id, "routeId", "sequence", "address", lat, lng, "location") VALUES
    ('a1000000-0001-0004-0002-000000000001', 'a0000000-0001-0004-0000-000000000002', 1, 'PM Stop 1 - Hickory Dr & Alder Ave', 45.26722, -75.8808, ST_SetSRID(ST_MakePoint(-75.8808, 45.26722), 4326)::geography);
INSERT INTO route_stops (id, "routeId", "sequence", "address", lat, lng, "location") VALUES
    ('a1000000-0001-0004-0002-000000000002', 'a0000000-0001-0004-0000-000000000002', 2, 'PM Stop 2 - Alder Ave & Linden Rd', 45.26338, -75.88683, ST_SetSRID(ST_MakePoint(-75.88683, 45.26338), 4326)::geography);
INSERT INTO route_stops (id, "routeId", "sequence", "address", lat, lng, "location") VALUES
    ('a1000000-0001-0004-0002-000000000003', 'a0000000-0001-0004-0000-000000000002', 3, 'PM Stop 3 - Linden Rd & Hazel Ct', 45.25931, -75.89331, ST_SetSRID(ST_MakePoint(-75.89331, 45.25931), 4326)::geography);
INSERT INTO route_stops (id, "routeId", "sequence", "address", lat, lng, "location") VALUES
    ('a1000000-0001-0004-0002-000000000004', 'a0000000-0001-0004-0000-000000000002', 4, 'PM Stop 4 - Hazel Ct & Sycamore Dr', 45.25723, -75.897, ST_SetSRID(ST_MakePoint(-75.897, 45.25723), 4326)::geography);
INSERT INTO route_stops (id, "routeId", "sequence", "address", lat, lng, "location") VALUES
    ('a1000000-0001-0004-0002-000000000005', 'a0000000-0001-0004-0000-000000000002', 5, 'PM Stop 5 - Sycamore Dr & Laurel Way', 45.25653, -75.8979, ST_SetSRID(ST_MakePoint(-75.8979, 45.25653), 4326)::geography);
INSERT INTO route_stops (id, "routeId", "sequence", "address", lat, lng, "location") VALUES
    ('a1000000-0001-0004-0002-000000000006', 'a0000000-0001-0004-0000-000000000002', 6, 'PM Stop 6 - Laurel Way & Chestnut Blvd', 45.25243, -75.90463, ST_SetSRID(ST_MakePoint(-75.90463, 45.25243), 4326)::geography);
INSERT INTO route_stops (id, "routeId", "sequence", "address", lat, lng, "location") VALUES
    ('a1000000-0001-0004-0002-000000000007', 'a0000000-0001-0004-0000-000000000002', 7, 'PM Stop 7 - Chestnut Blvd & Magnolia Ct', 45.25008, -75.90273, ST_SetSRID(ST_MakePoint(-75.90273, 45.25008), 4326)::geography);
INSERT INTO route_stops (id, "routeId", "sequence", "address", lat, lng, "location") VALUES
    ('a1000000-0001-0004-0002-000000000008', 'a0000000-0001-0004-0000-000000000002', 8, 'PM Stop 8 - Magnolia Ct & Elm St', 45.24917, -75.90259, ST_SetSRID(ST_MakePoint(-75.90259, 45.24917), 4326)::geography);
INSERT INTO route_stops (id, "routeId", "sequence", "address", lat, lng, "location") VALUES
    ('a1000000-0001-0005-0001-000000000001', 'a0000000-0001-0005-0000-000000000001', 1, 'AM Stop 1 - Sycamore Dr & Laurel Way', 45.28253, -75.91282, ST_SetSRID(ST_MakePoint(-75.91282, 45.28253), 4326)::geography);
INSERT INTO route_stops (id, "routeId", "sequence", "address", lat, lng, "location") VALUES
    ('a1000000-0001-0005-0001-000000000002', 'a0000000-0001-0005-0000-000000000001', 2, 'AM Stop 2 - Laurel Way & Chestnut Blvd', 45.28338, -75.90618, ST_SetSRID(ST_MakePoint(-75.90618, 45.28338), 4326)::geography);
INSERT INTO route_stops (id, "routeId", "sequence", "address", lat, lng, "location") VALUES
    ('a1000000-0001-0005-0001-000000000003', 'a0000000-0001-0005-0000-000000000001', 3, 'AM Stop 3 - Chestnut Blvd & Magnolia Ct', 45.28081, -75.90335, ST_SetSRID(ST_MakePoint(-75.90335, 45.28081), 4326)::geography);
INSERT INTO route_stops (id, "routeId", "sequence", "address", lat, lng, "location") VALUES
    ('a1000000-0001-0005-0001-000000000004', 'a0000000-0001-0005-0000-000000000001', 4, 'AM Stop 4 - Magnolia Ct & Elm St', 45.27424, -75.89591, ST_SetSRID(ST_MakePoint(-75.89591, 45.27424), 4326)::geography);
INSERT INTO route_stops (id, "routeId", "sequence", "address", lat, lng, "location") VALUES
    ('a1000000-0001-0005-0001-000000000005', 'a0000000-0001-0005-0000-000000000001', 5, 'AM Stop 5 - Elm St & Maple Ave', 45.27037, -75.8924, ST_SetSRID(ST_MakePoint(-75.8924, 45.27037), 4326)::geography);
INSERT INTO route_stops (id, "routeId", "sequence", "address", lat, lng, "location") VALUES
    ('a1000000-0001-0005-0001-000000000006', 'a0000000-0001-0005-0000-000000000001', 6, 'AM Stop 6 - Maple Ave & Oak Dr', 45.26815, -75.89024, ST_SetSRID(ST_MakePoint(-75.89024, 45.26815), 4326)::geography);
INSERT INTO route_stops (id, "routeId", "sequence", "address", lat, lng, "location") VALUES
    ('a1000000-0001-0005-0002-000000000001', 'a0000000-0001-0005-0000-000000000002', 1, 'PM Stop 1 - Sycamore Dr & Laurel Way', 45.26893, -75.89098, ST_SetSRID(ST_MakePoint(-75.89098, 45.26893), 4326)::geography);
INSERT INTO route_stops (id, "routeId", "sequence", "address", lat, lng, "location") VALUES
    ('a1000000-0001-0005-0002-000000000002', 'a0000000-0001-0005-0000-000000000002', 2, 'PM Stop 2 - Laurel Way & Chestnut Blvd', 45.27254, -75.89375, ST_SetSRID(ST_MakePoint(-75.89375, 45.27254), 4326)::geography);
INSERT INTO route_stops (id, "routeId", "sequence", "address", lat, lng, "location") VALUES
    ('a1000000-0001-0005-0002-000000000003', 'a0000000-0001-0005-0000-000000000002', 3, 'PM Stop 3 - Chestnut Blvd & Magnolia Ct', 45.2743, -75.89592, ST_SetSRID(ST_MakePoint(-75.89592, 45.2743), 4326)::geography);
INSERT INTO route_stops (id, "routeId", "sequence", "address", lat, lng, "location") VALUES
    ('a1000000-0001-0005-0002-000000000004', 'a0000000-0001-0005-0000-000000000002', 4, 'PM Stop 4 - Magnolia Ct & Elm St', 45.2751, -75.90216, ST_SetSRID(ST_MakePoint(-75.90216, 45.2751), 4326)::geography);
INSERT INTO route_stops (id, "routeId", "sequence", "address", lat, lng, "location") VALUES
    ('a1000000-0001-0005-0002-000000000005', 'a0000000-0001-0005-0000-000000000002', 5, 'PM Stop 5 - Elm St & Maple Ave', 45.27935, -75.90725, ST_SetSRID(ST_MakePoint(-75.90725, 45.27935), 4326)::geography);
INSERT INTO route_stops (id, "routeId", "sequence", "address", lat, lng, "location") VALUES
    ('a1000000-0001-0005-0002-000000000006', 'a0000000-0001-0005-0000-000000000002', 6, 'PM Stop 6 - Maple Ave & Oak Dr', 45.28319, -75.91176, ST_SetSRID(ST_MakePoint(-75.91176, 45.28319), 4326)::geography);
INSERT INTO route_stops (id, "routeId", "sequence", "address", lat, lng, "location") VALUES
    ('a1000000-0002-0001-0001-000000000001', 'a0000000-0002-0001-0000-000000000001', 1, 'AM Stop 1 - Elm St & Maple Ave', 45.34416, -75.91501, ST_SetSRID(ST_MakePoint(-75.91501, 45.34416), 4326)::geography);
INSERT INTO route_stops (id, "routeId", "sequence", "address", lat, lng, "location") VALUES
    ('a1000000-0002-0001-0001-000000000002', 'a0000000-0002-0001-0000-000000000001', 2, 'AM Stop 2 - Maple Ave & Oak Dr', 45.33859, -75.91172, ST_SetSRID(ST_MakePoint(-75.91172, 45.33859), 4326)::geography);
INSERT INTO route_stops (id, "routeId", "sequence", "address", lat, lng, "location") VALUES
    ('a1000000-0002-0001-0001-000000000003', 'a0000000-0002-0001-0000-000000000001', 3, 'AM Stop 3 - Oak Dr & Pine Rd', 45.33419, -75.90762, ST_SetSRID(ST_MakePoint(-75.90762, 45.33419), 4326)::geography);
INSERT INTO route_stops (id, "routeId", "sequence", "address", lat, lng, "location") VALUES
    ('a1000000-0002-0001-0001-000000000004', 'a0000000-0002-0001-0000-000000000001', 4, 'AM Stop 4 - Pine Rd & Cedar Ln', 45.33117, -75.91132, ST_SetSRID(ST_MakePoint(-75.91132, 45.33117), 4326)::geography);
INSERT INTO route_stops (id, "routeId", "sequence", "address", lat, lng, "location") VALUES
    ('a1000000-0002-0001-0001-000000000005', 'a0000000-0002-0001-0000-000000000001', 5, 'AM Stop 5 - Cedar Ln & Birch Blvd', 45.32523, -75.91137, ST_SetSRID(ST_MakePoint(-75.91137, 45.32523), 4326)::geography);
INSERT INTO route_stops (id, "routeId", "sequence", "address", lat, lng, "location") VALUES
    ('a1000000-0002-0001-0001-000000000006', 'a0000000-0002-0001-0000-000000000001', 6, 'AM Stop 6 - Birch Blvd & Willow Way', 45.32183, -75.91891, ST_SetSRID(ST_MakePoint(-75.91891, 45.32183), 4326)::geography);
INSERT INTO route_stops (id, "routeId", "sequence", "address", lat, lng, "location") VALUES
    ('a1000000-0002-0001-0002-000000000001', 'a0000000-0002-0001-0000-000000000002', 1, 'PM Stop 1 - Elm St & Maple Ave', 45.32211, -75.91822, ST_SetSRID(ST_MakePoint(-75.91822, 45.32211), 4326)::geography);
INSERT INTO route_stops (id, "routeId", "sequence", "address", lat, lng, "location") VALUES
    ('a1000000-0002-0001-0002-000000000002', 'a0000000-0002-0001-0000-000000000002', 2, 'PM Stop 2 - Maple Ave & Oak Dr', 45.32572, -75.91126, ST_SetSRID(ST_MakePoint(-75.91126, 45.32572), 4326)::geography);
INSERT INTO route_stops (id, "routeId", "sequence", "address", lat, lng, "location") VALUES
    ('a1000000-0002-0001-0002-000000000003', 'a0000000-0002-0001-0000-000000000002', 3, 'PM Stop 3 - Oak Dr & Pine Rd', 45.33127, -75.91137, ST_SetSRID(ST_MakePoint(-75.91137, 45.33127), 4326)::geography);
INSERT INTO route_stops (id, "routeId", "sequence", "address", lat, lng, "location") VALUES
    ('a1000000-0002-0001-0002-000000000004', 'a0000000-0002-0001-0000-000000000002', 4, 'PM Stop 4 - Pine Rd & Cedar Ln', 45.33408, -75.90729, ST_SetSRID(ST_MakePoint(-75.90729, 45.33408), 4326)::geography);
INSERT INTO route_stops (id, "routeId", "sequence", "address", lat, lng, "location") VALUES
    ('a1000000-0002-0001-0002-000000000005', 'a0000000-0002-0001-0000-000000000002', 5, 'PM Stop 5 - Cedar Ln & Birch Blvd', 45.3371, -75.90957, ST_SetSRID(ST_MakePoint(-75.90957, 45.3371), 4326)::geography);
INSERT INTO route_stops (id, "routeId", "sequence", "address", lat, lng, "location") VALUES
    ('a1000000-0002-0001-0002-000000000006', 'a0000000-0002-0001-0000-000000000002', 6, 'PM Stop 6 - Birch Blvd & Willow Way', 45.34364, -75.9157, ST_SetSRID(ST_MakePoint(-75.9157, 45.34364), 4326)::geography);
INSERT INTO route_stops (id, "routeId", "sequence", "address", lat, lng, "location") VALUES
    ('a1000000-0002-0002-0001-000000000001', 'a0000000-0002-0002-0000-000000000001', 1, 'AM Stop 1 - Cedar Ln & Birch Blvd', 45.33174, -75.89314, ST_SetSRID(ST_MakePoint(-75.89314, 45.33174), 4326)::geography);
INSERT INTO route_stops (id, "routeId", "sequence", "address", lat, lng, "location") VALUES
    ('a1000000-0002-0002-0001-000000000002', 'a0000000-0002-0002-0000-000000000001', 2, 'AM Stop 2 - Birch Blvd & Willow Way', 45.32252, -75.88935, ST_SetSRID(ST_MakePoint(-75.88935, 45.32252), 4326)::geography);
INSERT INTO route_stops (id, "routeId", "sequence", "address", lat, lng, "location") VALUES
    ('a1000000-0002-0002-0001-000000000003', 'a0000000-0002-0002-0000-000000000001', 3, 'AM Stop 3 - Willow Way & Spruce Ct', 45.32134, -75.89395, ST_SetSRID(ST_MakePoint(-75.89395, 45.32134), 4326)::geography);
INSERT INTO route_stops (id, "routeId", "sequence", "address", lat, lng, "location") VALUES
    ('a1000000-0002-0002-0001-000000000004', 'a0000000-0002-0002-0000-000000000001', 4, 'AM Stop 4 - Spruce Ct & Ash Pl', 45.3181, -75.89798, ST_SetSRID(ST_MakePoint(-75.89798, 45.3181), 4326)::geography);
INSERT INTO route_stops (id, "routeId", "sequence", "address", lat, lng, "location") VALUES
    ('a1000000-0002-0002-0001-000000000005', 'a0000000-0002-0002-0000-000000000001', 5, 'AM Stop 5 - Ash Pl & Poplar Cr', 45.31547, -75.90608, ST_SetSRID(ST_MakePoint(-75.90608, 45.31547), 4326)::geography);
INSERT INTO route_stops (id, "routeId", "sequence", "address", lat, lng, "location") VALUES
    ('a1000000-0002-0002-0001-000000000006', 'a0000000-0002-0002-0000-000000000001', 6, 'AM Stop 6 - Poplar Cr & Walnut St', 45.31427, -75.91464, ST_SetSRID(ST_MakePoint(-75.91464, 45.31427), 4326)::geography);
INSERT INTO route_stops (id, "routeId", "sequence", "address", lat, lng, "location") VALUES
    ('a1000000-0002-0002-0001-000000000007', 'a0000000-0002-0002-0000-000000000001', 7, 'AM Stop 7 - Walnut St & Cherry Ln', 45.31529, -75.91933, ST_SetSRID(ST_MakePoint(-75.91933, 45.31529), 4326)::geography);
INSERT INTO route_stops (id, "routeId", "sequence", "address", lat, lng, "location") VALUES
    ('a1000000-0002-0002-0001-000000000008', 'a0000000-0002-0002-0000-000000000001', 8, 'AM Stop 8 - Cherry Ln & Hickory Dr', 45.31764, -75.91977, ST_SetSRID(ST_MakePoint(-75.91977, 45.31764), 4326)::geography);
INSERT INTO route_stops (id, "routeId", "sequence", "address", lat, lng, "location") VALUES
    ('a1000000-0002-0002-0002-000000000001', 'a0000000-0002-0002-0000-000000000002', 1, 'PM Stop 1 - Cedar Ln & Birch Blvd', 45.3194, -75.91879, ST_SetSRID(ST_MakePoint(-75.91879, 45.3194), 4326)::geography);
INSERT INTO route_stops (id, "routeId", "sequence", "address", lat, lng, "location") VALUES
    ('a1000000-0002-0002-0002-000000000002', 'a0000000-0002-0002-0000-000000000002', 2, 'PM Stop 2 - Birch Blvd & Willow Way', 45.32233, -75.91741, ST_SetSRID(ST_MakePoint(-75.91741, 45.32233), 4326)::geography);
INSERT INTO route_stops (id, "routeId", "sequence", "address", lat, lng, "location") VALUES
    ('a1000000-0002-0002-0002-000000000003', 'a0000000-0002-0002-0000-000000000002', 3, 'PM Stop 3 - Willow Way & Spruce Ct', 45.32508, -75.91251, ST_SetSRID(ST_MakePoint(-75.91251, 45.32508), 4326)::geography);
INSERT INTO route_stops (id, "routeId", "sequence", "address", lat, lng, "location") VALUES
    ('a1000000-0002-0002-0002-000000000004', 'a0000000-0002-0002-0000-000000000002', 4, 'PM Stop 4 - Spruce Ct & Ash Pl', 45.32695, -75.9107, ST_SetSRID(ST_MakePoint(-75.9107, 45.32695), 4326)::geography);
INSERT INTO route_stops (id, "routeId", "sequence", "address", lat, lng, "location") VALUES
    ('a1000000-0002-0002-0002-000000000005', 'a0000000-0002-0002-0000-000000000002', 5, 'PM Stop 5 - Ash Pl & Poplar Cr', 45.33043, -75.91073, ST_SetSRID(ST_MakePoint(-75.91073, 45.33043), 4326)::geography);
INSERT INTO route_stops (id, "routeId", "sequence", "address", lat, lng, "location") VALUES
    ('a1000000-0002-0002-0002-000000000006', 'a0000000-0002-0002-0000-000000000002', 6, 'PM Stop 6 - Poplar Cr & Walnut St', 45.33343, -75.90897, ST_SetSRID(ST_MakePoint(-75.90897, 45.33343), 4326)::geography);
INSERT INTO route_stops (id, "routeId", "sequence", "address", lat, lng, "location") VALUES
    ('a1000000-0002-0002-0002-000000000007', 'a0000000-0002-0002-0000-000000000002', 7, 'PM Stop 7 - Walnut St & Cherry Ln', 45.33376, -75.90571, ST_SetSRID(ST_MakePoint(-75.90571, 45.33376), 4326)::geography);
INSERT INTO route_stops (id, "routeId", "sequence", "address", lat, lng, "location") VALUES
    ('a1000000-0002-0002-0002-000000000008', 'a0000000-0002-0002-0000-000000000002', 8, 'PM Stop 8 - Cherry Ln & Hickory Dr', 45.33243, -75.89449, ST_SetSRID(ST_MakePoint(-75.89449, 45.33243), 4326)::geography);
INSERT INTO route_stops (id, "routeId", "sequence", "address", lat, lng, "location") VALUES
    ('a1000000-0002-0003-0001-000000000001', 'a0000000-0002-0003-0000-000000000001', 1, 'AM Stop 1 - Ash Pl & Poplar Cr', 45.30376, -75.90356, ST_SetSRID(ST_MakePoint(-75.90356, 45.30376), 4326)::geography);
INSERT INTO route_stops (id, "routeId", "sequence", "address", lat, lng, "location") VALUES
    ('a1000000-0002-0003-0001-000000000002', 'a0000000-0002-0003-0000-000000000001', 2, 'AM Stop 2 - Poplar Cr & Walnut St', 45.30261, -75.90701, ST_SetSRID(ST_MakePoint(-75.90701, 45.30261), 4326)::geography);
INSERT INTO route_stops (id, "routeId", "sequence", "address", lat, lng, "location") VALUES
    ('a1000000-0002-0003-0001-000000000003', 'a0000000-0002-0003-0000-000000000001', 3, 'AM Stop 3 - Walnut St & Cherry Ln', 45.30677, -75.91308, ST_SetSRID(ST_MakePoint(-75.91308, 45.30677), 4326)::geography);
INSERT INTO route_stops (id, "routeId", "sequence", "address", lat, lng, "location") VALUES
    ('a1000000-0002-0003-0001-000000000004', 'a0000000-0002-0003-0000-000000000001', 4, 'AM Stop 4 - Cherry Ln & Hickory Dr', 45.30925, -75.91654, ST_SetSRID(ST_MakePoint(-75.91654, 45.30925), 4326)::geography);
INSERT INTO route_stops (id, "routeId", "sequence", "address", lat, lng, "location") VALUES
    ('a1000000-0002-0003-0001-000000000005', 'a0000000-0002-0003-0000-000000000001', 5, 'AM Stop 5 - Hickory Dr & Alder Ave', 45.31287, -75.91606, ST_SetSRID(ST_MakePoint(-75.91606, 45.31287), 4326)::geography);
INSERT INTO route_stops (id, "routeId", "sequence", "address", lat, lng, "location") VALUES
    ('a1000000-0002-0003-0001-000000000006', 'a0000000-0002-0003-0000-000000000001', 6, 'AM Stop 6 - Alder Ave & Linden Rd', 45.31647, -75.91997, ST_SetSRID(ST_MakePoint(-75.91997, 45.31647), 4326)::geography);
INSERT INTO route_stops (id, "routeId", "sequence", "address", lat, lng, "location") VALUES
    ('a1000000-0002-0003-0002-000000000001', 'a0000000-0002-0003-0000-000000000002', 1, 'PM Stop 1 - Ash Pl & Poplar Cr', 45.31711, -75.91996, ST_SetSRID(ST_MakePoint(-75.91996, 45.31711), 4326)::geography);
INSERT INTO route_stops (id, "routeId", "sequence", "address", lat, lng, "location") VALUES
    ('a1000000-0002-0003-0002-000000000002', 'a0000000-0002-0003-0000-000000000002', 2, 'PM Stop 2 - Poplar Cr & Walnut St', 45.31399, -75.91792, ST_SetSRID(ST_MakePoint(-75.91792, 45.31399), 4326)::geography);
INSERT INTO route_stops (id, "routeId", "sequence", "address", lat, lng, "location") VALUES
    ('a1000000-0002-0003-0002-000000000003', 'a0000000-0002-0003-0000-000000000002', 3, 'PM Stop 3 - Walnut St & Cherry Ln', 45.31193, -75.91239, ST_SetSRID(ST_MakePoint(-75.91239, 45.31193), 4326)::geography);
INSERT INTO route_stops (id, "routeId", "sequence", "address", lat, lng, "location") VALUES
    ('a1000000-0002-0003-0002-000000000004', 'a0000000-0002-0003-0000-000000000002', 4, 'PM Stop 4 - Cherry Ln & Hickory Dr', 45.31233, -75.90532, ST_SetSRID(ST_MakePoint(-75.90532, 45.31233), 4326)::geography);
INSERT INTO route_stops (id, "routeId", "sequence", "address", lat, lng, "location") VALUES
    ('a1000000-0002-0003-0002-000000000005', 'a0000000-0002-0003-0000-000000000002', 5, 'PM Stop 5 - Hickory Dr & Alder Ave', 45.3106, -75.90162, ST_SetSRID(ST_MakePoint(-75.90162, 45.3106), 4326)::geography);
INSERT INTO route_stops (id, "routeId", "sequence", "address", lat, lng, "location") VALUES
    ('a1000000-0002-0003-0002-000000000006', 'a0000000-0002-0003-0000-000000000002', 6, 'PM Stop 6 - Alder Ave & Linden Rd', 45.30684, -75.89803, ST_SetSRID(ST_MakePoint(-75.89803, 45.30684), 4326)::geography);
INSERT INTO route_stops (id, "routeId", "sequence", "address", lat, lng, "location") VALUES
    ('a1000000-0002-0004-0001-000000000001', 'a0000000-0002-0004-0000-000000000001', 1, 'AM Stop 1 - Hickory Dr & Alder Ave', 45.30471, -75.91817, ST_SetSRID(ST_MakePoint(-75.91817, 45.30471), 4326)::geography);
INSERT INTO route_stops (id, "routeId", "sequence", "address", lat, lng, "location") VALUES
    ('a1000000-0002-0004-0001-000000000002', 'a0000000-0002-0004-0000-000000000001', 2, 'AM Stop 2 - Alder Ave & Linden Rd', 45.30733, -75.9197, ST_SetSRID(ST_MakePoint(-75.9197, 45.30733), 4326)::geography);
INSERT INTO route_stops (id, "routeId", "sequence", "address", lat, lng, "location") VALUES
    ('a1000000-0002-0004-0001-000000000003', 'a0000000-0002-0004-0000-000000000001', 3, 'AM Stop 3 - Linden Rd & Hazel Ct', 45.30858, -75.91826, ST_SetSRID(ST_MakePoint(-75.91826, 45.30858), 4326)::geography);
INSERT INTO route_stops (id, "routeId", "sequence", "address", lat, lng, "location") VALUES
    ('a1000000-0002-0004-0001-000000000004', 'a0000000-0002-0004-0000-000000000001', 4, 'AM Stop 4 - Hazel Ct & Sycamore Dr', 45.31034, -75.91742, ST_SetSRID(ST_MakePoint(-75.91742, 45.31034), 4326)::geography);
INSERT INTO route_stops (id, "routeId", "sequence", "address", lat, lng, "location") VALUES
    ('a1000000-0002-0004-0001-000000000005', 'a0000000-0002-0004-0000-000000000001', 5, 'AM Stop 5 - Sycamore Dr & Laurel Way', 45.31258, -75.91624, ST_SetSRID(ST_MakePoint(-75.91624, 45.31258), 4326)::geography);
INSERT INTO route_stops (id, "routeId", "sequence", "address", lat, lng, "location") VALUES
    ('a1000000-0002-0004-0001-000000000006', 'a0000000-0002-0004-0000-000000000001', 6, 'AM Stop 6 - Laurel Way & Chestnut Blvd', 45.31424, -75.91826, ST_SetSRID(ST_MakePoint(-75.91826, 45.31424), 4326)::geography);
INSERT INTO route_stops (id, "routeId", "sequence", "address", lat, lng, "location") VALUES
    ('a1000000-0002-0004-0001-000000000007', 'a0000000-0002-0004-0000-000000000001', 7, 'AM Stop 7 - Chestnut Blvd & Magnolia Ct', 45.31623, -75.91991, ST_SetSRID(ST_MakePoint(-75.91991, 45.31623), 4326)::geography);
INSERT INTO route_stops (id, "routeId", "sequence", "address", lat, lng, "location") VALUES
    ('a1000000-0002-0004-0001-000000000008', 'a0000000-0002-0004-0000-000000000001', 8, 'AM Stop 8 - Magnolia Ct & Elm St', 45.31841, -75.91934, ST_SetSRID(ST_MakePoint(-75.91934, 45.31841), 4326)::geography);
INSERT INTO route_stops (id, "routeId", "sequence", "address", lat, lng, "location") VALUES
    ('a1000000-0002-0004-0002-000000000001', 'a0000000-0002-0004-0000-000000000002', 1, 'PM Stop 1 - Hickory Dr & Alder Ave', 45.31862, -75.92009, ST_SetSRID(ST_MakePoint(-75.92009, 45.31862), 4326)::geography);
INSERT INTO route_stops (id, "routeId", "sequence", "address", lat, lng, "location") VALUES
    ('a1000000-0002-0004-0002-000000000002', 'a0000000-0002-0004-0000-000000000002', 2, 'PM Stop 2 - Alder Ave & Linden Rd', 45.31647, -75.91997, ST_SetSRID(ST_MakePoint(-75.91997, 45.31647), 4326)::geography);
INSERT INTO route_stops (id, "routeId", "sequence", "address", lat, lng, "location") VALUES
    ('a1000000-0002-0004-0002-000000000003', 'a0000000-0002-0004-0000-000000000002', 3, 'PM Stop 3 - Linden Rd & Hazel Ct', 45.31456, -75.91859, ST_SetSRID(ST_MakePoint(-75.91859, 45.31456), 4326)::geography);
INSERT INTO route_stops (id, "routeId", "sequence", "address", lat, lng, "location") VALUES
    ('a1000000-0002-0004-0002-000000000004', 'a0000000-0002-0004-0000-000000000002', 4, 'PM Stop 4 - Hazel Ct & Sycamore Dr', 45.31287, -75.91606, ST_SetSRID(ST_MakePoint(-75.91606, 45.31287), 4326)::geography);
INSERT INTO route_stops (id, "routeId", "sequence", "address", lat, lng, "location") VALUES
    ('a1000000-0002-0004-0002-000000000005', 'a0000000-0002-0004-0000-000000000002', 5, 'PM Stop 5 - Sycamore Dr & Laurel Way', 45.31056, -75.91731, ST_SetSRID(ST_MakePoint(-75.91731, 45.31056), 4326)::geography);
INSERT INTO route_stops (id, "routeId", "sequence", "address", lat, lng, "location") VALUES
    ('a1000000-0002-0004-0002-000000000006', 'a0000000-0002-0004-0000-000000000002', 6, 'PM Stop 6 - Laurel Way & Chestnut Blvd', 45.30895, -75.91809, ST_SetSRID(ST_MakePoint(-75.91809, 45.30895), 4326)::geography);
INSERT INTO route_stops (id, "routeId", "sequence", "address", lat, lng, "location") VALUES
    ('a1000000-0002-0004-0002-000000000007', 'a0000000-0002-0004-0000-000000000002', 7, 'PM Stop 7 - Chestnut Blvd & Magnolia Ct', 45.30792, -75.91891, ST_SetSRID(ST_MakePoint(-75.91891, 45.30792), 4326)::geography);
INSERT INTO route_stops (id, "routeId", "sequence", "address", lat, lng, "location") VALUES
    ('a1000000-0002-0004-0002-000000000008', 'a0000000-0002-0004-0000-000000000002', 8, 'PM Stop 8 - Magnolia Ct & Elm St', 45.30633, -75.91874, ST_SetSRID(ST_MakePoint(-75.91874, 45.30633), 4326)::geography);
INSERT INTO route_stops (id, "routeId", "sequence", "address", lat, lng, "location") VALUES
    ('a1000000-0002-0005-0001-000000000001', 'a0000000-0002-0005-0000-000000000001', 1, 'AM Stop 1 - Sycamore Dr & Laurel Way', 45.32853, -75.91781, ST_SetSRID(ST_MakePoint(-75.91781, 45.32853), 4326)::geography);
INSERT INTO route_stops (id, "routeId", "sequence", "address", lat, lng, "location") VALUES
    ('a1000000-0002-0005-0001-000000000002', 'a0000000-0002-0005-0000-000000000001', 2, 'AM Stop 2 - Laurel Way & Chestnut Blvd', 45.32774, -75.91372, ST_SetSRID(ST_MakePoint(-75.91372, 45.32774), 4326)::geography);
INSERT INTO route_stops (id, "routeId", "sequence", "address", lat, lng, "location") VALUES
    ('a1000000-0002-0005-0001-000000000003', 'a0000000-0002-0005-0000-000000000001', 3, 'AM Stop 3 - Chestnut Blvd & Magnolia Ct', 45.32587, -75.91128, ST_SetSRID(ST_MakePoint(-75.91128, 45.32587), 4326)::geography);
INSERT INTO route_stops (id, "routeId", "sequence", "address", lat, lng, "location") VALUES
    ('a1000000-0002-0005-0001-000000000004', 'a0000000-0002-0005-0000-000000000001', 4, 'AM Stop 4 - Magnolia Ct & Elm St', 45.32451, -75.91348, ST_SetSRID(ST_MakePoint(-75.91348, 45.32451), 4326)::geography);
INSERT INTO route_stops (id, "routeId", "sequence", "address", lat, lng, "location") VALUES
    ('a1000000-0002-0005-0001-000000000005', 'a0000000-0002-0005-0000-000000000001', 5, 'AM Stop 5 - Elm St & Maple Ave', 45.3223, -75.91762, ST_SetSRID(ST_MakePoint(-75.91762, 45.3223), 4326)::geography);
INSERT INTO route_stops (id, "routeId", "sequence", "address", lat, lng, "location") VALUES
    ('a1000000-0002-0005-0001-000000000006', 'a0000000-0002-0005-0000-000000000001', 6, 'AM Stop 6 - Maple Ave & Oak Dr', 45.31968, -75.91871, ST_SetSRID(ST_MakePoint(-75.91871, 45.31968), 4326)::geography);
INSERT INTO route_stops (id, "routeId", "sequence", "address", lat, lng, "location") VALUES
    ('a1000000-0002-0005-0002-000000000001', 'a0000000-0002-0005-0000-000000000002', 1, 'PM Stop 1 - Sycamore Dr & Laurel Way', 45.31849, -75.91929, ST_SetSRID(ST_MakePoint(-75.91929, 45.31849), 4326)::geography);
INSERT INTO route_stops (id, "routeId", "sequence", "address", lat, lng, "location") VALUES
    ('a1000000-0002-0005-0002-000000000002', 'a0000000-0002-0005-0000-000000000002', 2, 'PM Stop 2 - Laurel Way & Chestnut Blvd', 45.32183, -75.91891, ST_SetSRID(ST_MakePoint(-75.91891, 45.32183), 4326)::geography);
INSERT INTO route_stops (id, "routeId", "sequence", "address", lat, lng, "location") VALUES
    ('a1000000-0002-0005-0002-000000000003', 'a0000000-0002-0005-0000-000000000002', 3, 'PM Stop 3 - Chestnut Blvd & Magnolia Ct', 45.32313, -75.91461, ST_SetSRID(ST_MakePoint(-75.91461, 45.32313), 4326)::geography);
INSERT INTO route_stops (id, "routeId", "sequence", "address", lat, lng, "location") VALUES
    ('a1000000-0002-0005-0002-000000000004', 'a0000000-0002-0005-0000-000000000002', 4, 'PM Stop 4 - Magnolia Ct & Elm St', 45.32516, -75.91139, ST_SetSRID(ST_MakePoint(-75.91139, 45.32516), 4326)::geography);
INSERT INTO route_stops (id, "routeId", "sequence", "address", lat, lng, "location") VALUES
    ('a1000000-0002-0005-0002-000000000005', 'a0000000-0002-0005-0000-000000000002', 5, 'PM Stop 5 - Elm St & Maple Ave', 45.32708, -75.91287, ST_SetSRID(ST_MakePoint(-75.91287, 45.32708), 4326)::geography);
INSERT INTO route_stops (id, "routeId", "sequence", "address", lat, lng, "location") VALUES
    ('a1000000-0002-0005-0002-000000000006', 'a0000000-0002-0005-0000-000000000002', 6, 'PM Stop 6 - Maple Ave & Oak Dr', 45.32934, -75.91622, ST_SetSRID(ST_MakePoint(-75.91622, 45.32934), 4326)::geography);
INSERT INTO route_stops (id, "routeId", "sequence", "address", lat, lng, "location") VALUES
    ('a1000000-0003-0001-0001-000000000001', 'a0000000-0003-0001-0000-000000000001', 1, 'AM Stop 1 - Elm St & Maple Ave', 45.28611, -75.9074, ST_SetSRID(ST_MakePoint(-75.9074, 45.28611), 4326)::geography);
INSERT INTO route_stops (id, "routeId", "sequence", "address", lat, lng, "location") VALUES
    ('a1000000-0003-0001-0001-000000000002', 'a0000000-0003-0001-0000-000000000001', 2, 'AM Stop 2 - Maple Ave & Oak Dr', 45.28354, -75.9064, ST_SetSRID(ST_MakePoint(-75.9064, 45.28354), 4326)::geography);
INSERT INTO route_stops (id, "routeId", "sequence", "address", lat, lng, "location") VALUES
    ('a1000000-0003-0001-0001-000000000003', 'a0000000-0003-0001-0000-000000000001', 3, 'AM Stop 3 - Oak Dr & Pine Rd', 45.28132, -75.90369, ST_SetSRID(ST_MakePoint(-75.90369, 45.28132), 4326)::geography);
INSERT INTO route_stops (id, "routeId", "sequence", "address", lat, lng, "location") VALUES
    ('a1000000-0003-0001-0001-000000000004', 'a0000000-0003-0001-0000-000000000001', 4, 'AM Stop 4 - Pine Rd & Cedar Ln', 45.28073, -75.90313, ST_SetSRID(ST_MakePoint(-75.90313, 45.28073), 4326)::geography);
INSERT INTO route_stops (id, "routeId", "sequence", "address", lat, lng, "location") VALUES
    ('a1000000-0003-0001-0001-000000000005', 'a0000000-0003-0001-0000-000000000001', 5, 'AM Stop 5 - Cedar Ln & Birch Blvd', 45.27452, -75.89598, ST_SetSRID(ST_MakePoint(-75.89598, 45.27452), 4326)::geography);
INSERT INTO route_stops (id, "routeId", "sequence", "address", lat, lng, "location") VALUES
    ('a1000000-0003-0001-0001-000000000006', 'a0000000-0003-0001-0000-000000000001', 6, 'AM Stop 6 - Birch Blvd & Willow Way', 45.27128, -75.9004, ST_SetSRID(ST_MakePoint(-75.9004, 45.27128), 4326)::geography);
INSERT INTO route_stops (id, "routeId", "sequence", "address", lat, lng, "location") VALUES
    ('a1000000-0003-0001-0001-000000000007', 'a0000000-0003-0001-0000-000000000001', 7, 'AM Stop 7 - Willow Way & Spruce Ct', 45.26662, -75.90785, ST_SetSRID(ST_MakePoint(-75.90785, 45.26662), 4326)::geography);
INSERT INTO route_stops (id, "routeId", "sequence", "address", lat, lng, "location") VALUES
    ('a1000000-0003-0001-0002-000000000001', 'a0000000-0003-0001-0000-000000000002', 1, 'PM Stop 1 - Elm St & Maple Ave', 45.26569, -75.90935, ST_SetSRID(ST_MakePoint(-75.90935, 45.26569), 4326)::geography);
INSERT INTO route_stops (id, "routeId", "sequence", "address", lat, lng, "location") VALUES
    ('a1000000-0003-0001-0002-000000000002', 'a0000000-0003-0001-0000-000000000002', 2, 'PM Stop 2 - Maple Ave & Oak Dr', 45.26982, -75.90273, ST_SetSRID(ST_MakePoint(-75.90273, 45.26982), 4326)::geography);
INSERT INTO route_stops (id, "routeId", "sequence", "address", lat, lng, "location") VALUES
    ('a1000000-0003-0001-0002-000000000003', 'a0000000-0003-0001-0000-000000000002', 3, 'PM Stop 3 - Oak Dr & Pine Rd', 45.27373, -75.90051, ST_SetSRID(ST_MakePoint(-75.90051, 45.27373), 4326)::geography);
INSERT INTO route_stops (id, "routeId", "sequence", "address", lat, lng, "location") VALUES
    ('a1000000-0003-0001-0002-000000000004', 'a0000000-0003-0001-0000-000000000002', 4, 'PM Stop 4 - Pine Rd & Cedar Ln', 45.27672, -75.9041, ST_SetSRID(ST_MakePoint(-75.9041, 45.27672), 4326)::geography);
INSERT INTO route_stops (id, "routeId", "sequence", "address", lat, lng, "location") VALUES
    ('a1000000-0003-0001-0002-000000000005', 'a0000000-0003-0001-0000-000000000002', 5, 'PM Stop 5 - Cedar Ln & Birch Blvd', 45.27965, -75.9076, ST_SetSRID(ST_MakePoint(-75.9076, 45.27965), 4326)::geography);
INSERT INTO route_stops (id, "routeId", "sequence", "address", lat, lng, "location") VALUES
    ('a1000000-0003-0001-0002-000000000006', 'a0000000-0003-0001-0000-000000000002', 6, 'PM Stop 6 - Birch Blvd & Willow Way', 45.28233, -75.91084, ST_SetSRID(ST_MakePoint(-75.91084, 45.28233), 4326)::geography);
INSERT INTO route_stops (id, "routeId", "sequence", "address", lat, lng, "location") VALUES
    ('a1000000-0003-0001-0002-000000000007', 'a0000000-0003-0001-0000-000000000002', 7, 'PM Stop 7 - Willow Way & Spruce Ct', 45.28605, -75.90726, ST_SetSRID(ST_MakePoint(-75.90726, 45.28605), 4326)::geography);
INSERT INTO route_stops (id, "routeId", "sequence", "address", lat, lng, "location") VALUES
    ('a1000000-0003-0002-0001-000000000001', 'a0000000-0003-0002-0000-000000000001', 1, 'AM Stop 1 - Cedar Ln & Birch Blvd', 45.2643, -75.8854, ST_SetSRID(ST_MakePoint(-75.8854, 45.2643), 4326)::geography);
INSERT INTO route_stops (id, "routeId", "sequence", "address", lat, lng, "location") VALUES
    ('a1000000-0003-0002-0001-000000000002', 'a0000000-0003-0002-0000-000000000001', 2, 'AM Stop 2 - Birch Blvd & Willow Way', 45.26004, -75.89213, ST_SetSRID(ST_MakePoint(-75.89213, 45.26004), 4326)::geography);
INSERT INTO route_stops (id, "routeId", "sequence", "address", lat, lng, "location") VALUES
    ('a1000000-0003-0002-0001-000000000003', 'a0000000-0003-0002-0000-000000000001', 3, 'AM Stop 3 - Willow Way & Spruce Ct', 45.25723, -75.897, ST_SetSRID(ST_MakePoint(-75.897, 45.25723), 4326)::geography);
INSERT INTO route_stops (id, "routeId", "sequence", "address", lat, lng, "location") VALUES
    ('a1000000-0003-0002-0001-000000000004', 'a0000000-0003-0002-0000-000000000001', 4, 'AM Stop 4 - Spruce Ct & Ash Pl', 45.25934, -75.90142, ST_SetSRID(ST_MakePoint(-75.90142, 45.25934), 4326)::geography);
INSERT INTO route_stops (id, "routeId", "sequence", "address", lat, lng, "location") VALUES
    ('a1000000-0003-0002-0001-000000000005', 'a0000000-0003-0002-0000-000000000001', 5, 'AM Stop 5 - Ash Pl & Poplar Cr', 45.26492, -75.90839, ST_SetSRID(ST_MakePoint(-75.90839, 45.26492), 4326)::geography);
INSERT INTO route_stops (id, "routeId", "sequence", "address", lat, lng, "location") VALUES
    ('a1000000-0003-0002-0002-000000000001', 'a0000000-0003-0002-0000-000000000002', 1, 'PM Stop 1 - Cedar Ln & Birch Blvd', 45.26446, -75.90768, ST_SetSRID(ST_MakePoint(-75.90768, 45.26446), 4326)::geography);
INSERT INTO route_stops (id, "routeId", "sequence", "address", lat, lng, "location") VALUES
    ('a1000000-0003-0002-0002-000000000002', 'a0000000-0003-0002-0000-000000000002', 2, 'PM Stop 2 - Birch Blvd & Willow Way', 45.25869, -75.90015, ST_SetSRID(ST_MakePoint(-75.90015, 45.25869), 4326)::geography);
INSERT INTO route_stops (id, "routeId", "sequence", "address", lat, lng, "location") VALUES
    ('a1000000-0003-0002-0002-000000000003', 'a0000000-0003-0002-0000-000000000002', 3, 'PM Stop 3 - Willow Way & Spruce Ct', 45.25696, -75.89713, ST_SetSRID(ST_MakePoint(-75.89713, 45.25696), 4326)::geography);
INSERT INTO route_stops (id, "routeId", "sequence", "address", lat, lng, "location") VALUES
    ('a1000000-0003-0002-0002-000000000004', 'a0000000-0003-0002-0000-000000000002', 4, 'PM Stop 4 - Spruce Ct & Ash Pl', 45.25883, -75.89407, ST_SetSRID(ST_MakePoint(-75.89407, 45.25883), 4326)::geography);
INSERT INTO route_stops (id, "routeId", "sequence", "address", lat, lng, "location") VALUES
    ('a1000000-0003-0002-0002-000000000005', 'a0000000-0003-0002-0000-000000000002', 5, 'PM Stop 5 - Ash Pl & Poplar Cr', 45.26367, -75.88627, ST_SetSRID(ST_MakePoint(-75.88627, 45.26367), 4326)::geography);
INSERT INTO route_stops (id, "routeId", "sequence", "address", lat, lng, "location") VALUES
    ('a1000000-0003-0003-0001-000000000001', 'a0000000-0003-0003-0000-000000000001', 1, 'AM Stop 1 - Ash Pl & Poplar Cr', 45.24521, -75.89026, ST_SetSRID(ST_MakePoint(-75.89026, 45.24521), 4326)::geography);
INSERT INTO route_stops (id, "routeId", "sequence", "address", lat, lng, "location") VALUES
    ('a1000000-0003-0003-0001-000000000002', 'a0000000-0003-0003-0000-000000000001', 2, 'AM Stop 2 - Poplar Cr & Walnut St', 45.25445, -75.89402, ST_SetSRID(ST_MakePoint(-75.89402, 45.25445), 4326)::geography);
INSERT INTO route_stops (id, "routeId", "sequence", "address", lat, lng, "location") VALUES
    ('a1000000-0003-0003-0001-000000000003', 'a0000000-0003-0003-0000-000000000001', 3, 'AM Stop 3 - Walnut St & Cherry Ln', 45.25714, -75.89686, ST_SetSRID(ST_MakePoint(-75.89686, 45.25714), 4326)::geography);
INSERT INTO route_stops (id, "routeId", "sequence", "address", lat, lng, "location") VALUES
    ('a1000000-0003-0003-0001-000000000004', 'a0000000-0003-0003-0000-000000000001', 4, 'AM Stop 4 - Cherry Ln & Hickory Dr', 45.25827, -75.89875, ST_SetSRID(ST_MakePoint(-75.89875, 45.25827), 4326)::geography);
INSERT INTO route_stops (id, "routeId", "sequence", "address", lat, lng, "location") VALUES
    ('a1000000-0003-0003-0001-000000000005', 'a0000000-0003-0003-0000-000000000001', 5, 'AM Stop 5 - Hickory Dr & Alder Ave', 45.2621, -75.90478, ST_SetSRID(ST_MakePoint(-75.90478, 45.2621), 4326)::geography);
INSERT INTO route_stops (id, "routeId", "sequence", "address", lat, lng, "location") VALUES
    ('a1000000-0003-0003-0001-000000000006', 'a0000000-0003-0003-0000-000000000001', 6, 'AM Stop 6 - Alder Ave & Linden Rd', 45.26461, -75.90891, ST_SetSRID(ST_MakePoint(-75.90891, 45.26461), 4326)::geography);
INSERT INTO route_stops (id, "routeId", "sequence", "address", lat, lng, "location") VALUES
    ('a1000000-0003-0003-0002-000000000001', 'a0000000-0003-0003-0000-000000000002', 1, 'PM Stop 1 - Ash Pl & Poplar Cr', 45.26461, -75.90891, ST_SetSRID(ST_MakePoint(-75.90891, 45.26461), 4326)::geography);
INSERT INTO route_stops (id, "routeId", "sequence", "address", lat, lng, "location") VALUES
    ('a1000000-0003-0003-0002-000000000002', 'a0000000-0003-0003-0000-000000000002', 2, 'PM Stop 2 - Poplar Cr & Walnut St', 45.2621, -75.90478, ST_SetSRID(ST_MakePoint(-75.90478, 45.2621), 4326)::geography);
INSERT INTO route_stops (id, "routeId", "sequence", "address", lat, lng, "location") VALUES
    ('a1000000-0003-0003-0002-000000000003', 'a0000000-0003-0003-0000-000000000002', 3, 'PM Stop 3 - Walnut St & Cherry Ln', 45.25827, -75.89875, ST_SetSRID(ST_MakePoint(-75.89875, 45.25827), 4326)::geography);
INSERT INTO route_stops (id, "routeId", "sequence", "address", lat, lng, "location") VALUES
    ('a1000000-0003-0003-0002-000000000004', 'a0000000-0003-0003-0000-000000000002', 4, 'PM Stop 4 - Cherry Ln & Hickory Dr', 45.25704, -75.89725, ST_SetSRID(ST_MakePoint(-75.89725, 45.25704), 4326)::geography);
INSERT INTO route_stops (id, "routeId", "sequence", "address", lat, lng, "location") VALUES
    ('a1000000-0003-0003-0002-000000000005', 'a0000000-0003-0003-0000-000000000002', 5, 'PM Stop 5 - Hickory Dr & Alder Ave', 45.25445, -75.89402, ST_SetSRID(ST_MakePoint(-75.89402, 45.25445), 4326)::geography);
INSERT INTO route_stops (id, "routeId", "sequence", "address", lat, lng, "location") VALUES
    ('a1000000-0003-0003-0002-000000000006', 'a0000000-0003-0003-0000-000000000002', 6, 'PM Stop 6 - Alder Ave & Linden Rd', 45.24521, -75.89026, ST_SetSRID(ST_MakePoint(-75.89026, 45.24521), 4326)::geography);
INSERT INTO route_stops (id, "routeId", "sequence", "address", lat, lng, "location") VALUES
    ('a1000000-0003-0004-0001-000000000001', 'a0000000-0003-0004-0000-000000000001', 1, 'AM Stop 1 - Hickory Dr & Alder Ave', 45.24355, -75.91929, ST_SetSRID(ST_MakePoint(-75.91929, 45.24355), 4326)::geography);
INSERT INTO route_stops (id, "routeId", "sequence", "address", lat, lng, "location") VALUES
    ('a1000000-0003-0004-0001-000000000002', 'a0000000-0003-0004-0000-000000000001', 2, 'AM Stop 2 - Alder Ave & Linden Rd', 45.2495, -75.90959, ST_SetSRID(ST_MakePoint(-75.90959, 45.2495), 4326)::geography);
INSERT INTO route_stops (id, "routeId", "sequence", "address", lat, lng, "location") VALUES
    ('a1000000-0003-0004-0001-000000000003', 'a0000000-0003-0004-0000-000000000001', 3, 'AM Stop 3 - Linden Rd & Hazel Ct', 45.25417, -75.90179, ST_SetSRID(ST_MakePoint(-75.90179, 45.25417), 4326)::geography);
INSERT INTO route_stops (id, "routeId", "sequence", "address", lat, lng, "location") VALUES
    ('a1000000-0003-0004-0001-000000000004', 'a0000000-0003-0004-0000-000000000001', 4, 'AM Stop 4 - Hazel Ct & Sycamore Dr', 45.2567, -75.89763, ST_SetSRID(ST_MakePoint(-75.89763, 45.2567), 4326)::geography);
INSERT INTO route_stops (id, "routeId", "sequence", "address", lat, lng, "location") VALUES
    ('a1000000-0003-0004-0001-000000000005', 'a0000000-0003-0004-0000-000000000001', 5, 'AM Stop 5 - Sycamore Dr & Laurel Way', 45.2571, -75.89685, ST_SetSRID(ST_MakePoint(-75.89685, 45.2571), 4326)::geography);
INSERT INTO route_stops (id, "routeId", "sequence", "address", lat, lng, "location") VALUES
    ('a1000000-0003-0004-0001-000000000006', 'a0000000-0003-0004-0000-000000000001', 6, 'AM Stop 6 - Laurel Way & Chestnut Blvd', 45.25812, -75.8984, ST_SetSRID(ST_MakePoint(-75.8984, 45.25812), 4326)::geography);
INSERT INTO route_stops (id, "routeId", "sequence", "address", lat, lng, "location") VALUES
    ('a1000000-0003-0004-0001-000000000007', 'a0000000-0003-0004-0000-000000000001', 7, 'AM Stop 7 - Chestnut Blvd & Magnolia Ct', 45.26201, -75.90467, ST_SetSRID(ST_MakePoint(-75.90467, 45.26201), 4326)::geography);
INSERT INTO route_stops (id, "routeId", "sequence", "address", lat, lng, "location") VALUES
    ('a1000000-0003-0004-0001-000000000008', 'a0000000-0003-0004-0000-000000000001', 8, 'AM Stop 8 - Magnolia Ct & Elm St', 45.26481, -75.90857, ST_SetSRID(ST_MakePoint(-75.90857, 45.26481), 4326)::geography);
INSERT INTO route_stops (id, "routeId", "sequence", "address", lat, lng, "location") VALUES
    ('a1000000-0003-0004-0002-000000000001', 'a0000000-0003-0004-0000-000000000002', 1, 'PM Stop 1 - Hickory Dr & Alder Ave', 45.2644, -75.90924, ST_SetSRID(ST_MakePoint(-75.90924, 45.2644), 4326)::geography);
INSERT INTO route_stops (id, "routeId", "sequence", "address", lat, lng, "location") VALUES
    ('a1000000-0003-0004-0002-000000000002', 'a0000000-0003-0004-0000-000000000002', 2, 'PM Stop 2 - Alder Ave & Linden Rd', 45.26311, -75.90603, ST_SetSRID(ST_MakePoint(-75.90603, 45.26311), 4326)::geography);
INSERT INTO route_stops (id, "routeId", "sequence", "address", lat, lng, "location") VALUES
    ('a1000000-0003-0004-0002-000000000003', 'a0000000-0003-0004-0000-000000000002', 3, 'PM Stop 3 - Linden Rd & Hazel Ct', 45.25871, -75.90024, ST_SetSRID(ST_MakePoint(-75.90024, 45.25871), 4326)::geography);
INSERT INTO route_stops (id, "routeId", "sequence", "address", lat, lng, "location") VALUES
    ('a1000000-0003-0004-0002-000000000004', 'a0000000-0003-0004-0000-000000000002', 4, 'PM Stop 4 - Hazel Ct & Sycamore Dr', 45.25721, -75.89727, ST_SetSRID(ST_MakePoint(-75.89727, 45.25721), 4326)::geography);
INSERT INTO route_stops (id, "routeId", "sequence", "address", lat, lng, "location") VALUES
    ('a1000000-0003-0004-0002-000000000005', 'a0000000-0003-0004-0000-000000000002', 5, 'PM Stop 5 - Sycamore Dr & Laurel Way', 45.25607, -75.8986, ST_SetSRID(ST_MakePoint(-75.8986, 45.25607), 4326)::geography);
INSERT INTO route_stops (id, "routeId", "sequence", "address", lat, lng, "location") VALUES
    ('a1000000-0003-0004-0002-000000000006', 'a0000000-0003-0004-0000-000000000002', 6, 'PM Stop 6 - Laurel Way & Chestnut Blvd', 45.25215, -75.90513, ST_SetSRID(ST_MakePoint(-75.90513, 45.25215), 4326)::geography);
INSERT INTO route_stops (id, "routeId", "sequence", "address", lat, lng, "location") VALUES
    ('a1000000-0003-0004-0002-000000000007', 'a0000000-0003-0004-0000-000000000002', 7, 'PM Stop 7 - Chestnut Blvd & Magnolia Ct', 45.2482, -75.91172, ST_SetSRID(ST_MakePoint(-75.91172, 45.2482), 4326)::geography);
INSERT INTO route_stops (id, "routeId", "sequence", "address", lat, lng, "location") VALUES
    ('a1000000-0003-0004-0002-000000000008', 'a0000000-0003-0004-0000-000000000002', 8, 'PM Stop 8 - Magnolia Ct & Elm St', 45.24344, -75.91945, ST_SetSRID(ST_MakePoint(-75.91945, 45.24344), 4326)::geography);
INSERT INTO route_stops (id, "routeId", "sequence", "address", lat, lng, "location") VALUES
    ('a1000000-0003-0005-0001-000000000001', 'a0000000-0003-0005-0000-000000000001', 1, 'AM Stop 1 - Sycamore Dr & Laurel Way', 45.26271, -75.92184, ST_SetSRID(ST_MakePoint(-75.92184, 45.26271), 4326)::geography);
INSERT INTO route_stops (id, "routeId", "sequence", "address", lat, lng, "location") VALUES
    ('a1000000-0003-0005-0001-000000000002', 'a0000000-0003-0005-0000-000000000001', 2, 'AM Stop 2 - Laurel Way & Chestnut Blvd', 45.263, -75.92071, ST_SetSRID(ST_MakePoint(-75.92071, 45.263), 4326)::geography);
INSERT INTO route_stops (id, "routeId", "sequence", "address", lat, lng, "location") VALUES
    ('a1000000-0003-0005-0001-000000000003', 'a0000000-0003-0005-0000-000000000001', 3, 'AM Stop 3 - Chestnut Blvd & Magnolia Ct', 45.26186, -75.91921, ST_SetSRID(ST_MakePoint(-75.91921, 45.26186), 4326)::geography);
INSERT INTO route_stops (id, "routeId", "sequence", "address", lat, lng, "location") VALUES
    ('a1000000-0003-0005-0001-000000000004', 'a0000000-0003-0005-0000-000000000001', 4, 'AM Stop 4 - Magnolia Ct & Elm St', 45.26214, -75.91833, ST_SetSRID(ST_MakePoint(-75.91833, 45.26214), 4326)::geography);
INSERT INTO route_stops (id, "routeId", "sequence", "address", lat, lng, "location") VALUES
    ('a1000000-0003-0005-0001-000000000005', 'a0000000-0003-0005-0000-000000000001', 5, 'AM Stop 5 - Elm St & Maple Ave', 45.26223, -75.91592, ST_SetSRID(ST_MakePoint(-75.91592, 45.26223), 4326)::geography);
INSERT INTO route_stops (id, "routeId", "sequence", "address", lat, lng, "location") VALUES
    ('a1000000-0003-0005-0001-000000000006', 'a0000000-0003-0005-0000-000000000001', 6, 'AM Stop 6 - Maple Ave & Oak Dr', 45.26404, -75.912, ST_SetSRID(ST_MakePoint(-75.912, 45.26404), 4326)::geography);
INSERT INTO route_stops (id, "routeId", "sequence", "address", lat, lng, "location") VALUES
    ('a1000000-0003-0005-0002-000000000001', 'a0000000-0003-0005-0000-000000000002', 1, 'PM Stop 1 - Sycamore Dr & Laurel Way', 45.26368, -75.91139, ST_SetSRID(ST_MakePoint(-75.91139, 45.26368), 4326)::geography);
INSERT INTO route_stops (id, "routeId", "sequence", "address", lat, lng, "location") VALUES
    ('a1000000-0003-0005-0002-000000000002', 'a0000000-0003-0005-0000-000000000002', 2, 'PM Stop 2 - Laurel Way & Chestnut Blvd', 45.264, -75.91208, ST_SetSRID(ST_MakePoint(-75.91208, 45.264), 4326)::geography);
INSERT INTO route_stops (id, "routeId", "sequence", "address", lat, lng, "location") VALUES
    ('a1000000-0003-0005-0002-000000000003', 'a0000000-0003-0005-0000-000000000002', 3, 'PM Stop 3 - Chestnut Blvd & Magnolia Ct', 45.26219, -75.91599, ST_SetSRID(ST_MakePoint(-75.91599, 45.26219), 4326)::geography);
INSERT INTO route_stops (id, "routeId", "sequence", "address", lat, lng, "location") VALUES
    ('a1000000-0003-0005-0002-000000000004', 'a0000000-0003-0005-0000-000000000002', 4, 'PM Stop 4 - Magnolia Ct & Elm St', 45.26216, -75.91836, ST_SetSRID(ST_MakePoint(-75.91836, 45.26216), 4326)::geography);
INSERT INTO route_stops (id, "routeId", "sequence", "address", lat, lng, "location") VALUES
    ('a1000000-0003-0005-0002-000000000005', 'a0000000-0003-0005-0000-000000000002', 5, 'PM Stop 5 - Elm St & Maple Ave', 45.26241, -75.91988, ST_SetSRID(ST_MakePoint(-75.91988, 45.26241), 4326)::geography);
INSERT INTO route_stops (id, "routeId", "sequence", "address", lat, lng, "location") VALUES
    ('a1000000-0003-0005-0002-000000000006', 'a0000000-0003-0005-0000-000000000002', 6, 'PM Stop 6 - Maple Ave & Oak Dr', 45.26302, -75.92091, ST_SetSRID(ST_MakePoint(-75.92091, 45.26302), 4326)::geography);
INSERT INTO route_stops (id, "routeId", "sequence", "address", lat, lng, "location") VALUES
    ('a1000000-0004-0001-0001-000000000001', 'a0000000-0004-0001-0000-000000000001', 1, 'AM Stop 1 - Elm St & Maple Ave', 45.31348, -75.8821, ST_SetSRID(ST_MakePoint(-75.8821, 45.31348), 4326)::geography);
INSERT INTO route_stops (id, "routeId", "sequence", "address", lat, lng, "location") VALUES
    ('a1000000-0004-0001-0001-000000000002', 'a0000000-0004-0001-0000-000000000001', 2, 'AM Stop 2 - Maple Ave & Oak Dr', 45.30522, -75.87751, ST_SetSRID(ST_MakePoint(-75.87751, 45.30522), 4326)::geography);
INSERT INTO route_stops (id, "routeId", "sequence", "address", lat, lng, "location") VALUES
    ('a1000000-0004-0001-0001-000000000003', 'a0000000-0004-0001-0000-000000000001', 3, 'AM Stop 3 - Oak Dr & Pine Rd', 45.30189, -75.87563, ST_SetSRID(ST_MakePoint(-75.87563, 45.30189), 4326)::geography);
INSERT INTO route_stops (id, "routeId", "sequence", "address", lat, lng, "location") VALUES
    ('a1000000-0004-0001-0001-000000000004', 'a0000000-0004-0001-0000-000000000001', 4, 'AM Stop 4 - Pine Rd & Cedar Ln', 45.29999, -75.87672, ST_SetSRID(ST_MakePoint(-75.87672, 45.29999), 4326)::geography);
INSERT INTO route_stops (id, "routeId", "sequence", "address", lat, lng, "location") VALUES
    ('a1000000-0004-0001-0001-000000000005', 'a0000000-0004-0001-0000-000000000001', 5, 'AM Stop 5 - Cedar Ln & Birch Blvd', 45.29639, -75.88033, ST_SetSRID(ST_MakePoint(-75.88033, 45.29639), 4326)::geography);
INSERT INTO route_stops (id, "routeId", "sequence", "address", lat, lng, "location") VALUES
    ('a1000000-0004-0001-0001-000000000006', 'a0000000-0004-0001-0000-000000000001', 6, 'AM Stop 6 - Birch Blvd & Willow Way', 45.29363, -75.8826, ST_SetSRID(ST_MakePoint(-75.8826, 45.29363), 4326)::geography);
INSERT INTO route_stops (id, "routeId", "sequence", "address", lat, lng, "location") VALUES
    ('a1000000-0004-0001-0001-000000000007', 'a0000000-0004-0001-0000-000000000001', 7, 'AM Stop 7 - Willow Way & Spruce Ct', 45.29169, -75.87975, ST_SetSRID(ST_MakePoint(-75.87975, 45.29169), 4326)::geography);
INSERT INTO route_stops (id, "routeId", "sequence", "address", lat, lng, "location") VALUES
    ('a1000000-0004-0001-0002-000000000001', 'a0000000-0004-0001-0000-000000000002', 1, 'PM Stop 1 - Elm St & Maple Ave', 45.29071, -75.87993, ST_SetSRID(ST_MakePoint(-75.87993, 45.29071), 4326)::geography);
INSERT INTO route_stops (id, "routeId", "sequence", "address", lat, lng, "location") VALUES
    ('a1000000-0004-0001-0002-000000000002', 'a0000000-0004-0001-0000-000000000002', 2, 'PM Stop 2 - Maple Ave & Oak Dr', 45.29243, -75.88026, ST_SetSRID(ST_MakePoint(-75.88026, 45.29243), 4326)::geography);
INSERT INTO route_stops (id, "routeId", "sequence", "address", lat, lng, "location") VALUES
    ('a1000000-0004-0001-0002-000000000003', 'a0000000-0004-0001-0000-000000000002', 3, 'PM Stop 3 - Oak Dr & Pine Rd', 45.29446, -75.88183, ST_SetSRID(ST_MakePoint(-75.88183, 45.29446), 4326)::geography);
INSERT INTO route_stops (id, "routeId", "sequence", "address", lat, lng, "location") VALUES
    ('a1000000-0004-0001-0002-000000000004', 'a0000000-0004-0001-0000-000000000002', 4, 'PM Stop 4 - Pine Rd & Cedar Ln', 45.29707, -75.87979, ST_SetSRID(ST_MakePoint(-75.87979, 45.29707), 4326)::geography);
INSERT INTO route_stops (id, "routeId", "sequence", "address", lat, lng, "location") VALUES
    ('a1000000-0004-0001-0002-000000000005', 'a0000000-0004-0001-0000-000000000002', 5, 'PM Stop 5 - Cedar Ln & Birch Blvd', 45.30012, -75.8764, ST_SetSRID(ST_MakePoint(-75.8764, 45.30012), 4326)::geography);
INSERT INTO route_stops (id, "routeId", "sequence", "address", lat, lng, "location") VALUES
    ('a1000000-0004-0001-0002-000000000006', 'a0000000-0004-0001-0000-000000000002', 6, 'PM Stop 6 - Birch Blvd & Willow Way', 45.30193, -75.87547, ST_SetSRID(ST_MakePoint(-75.87547, 45.30193), 4326)::geography);
INSERT INTO route_stops (id, "routeId", "sequence", "address", lat, lng, "location") VALUES
    ('a1000000-0004-0001-0002-000000000007', 'a0000000-0004-0001-0000-000000000002', 7, 'PM Stop 7 - Willow Way & Spruce Ct', 45.30991, -75.87995, ST_SetSRID(ST_MakePoint(-75.87995, 45.30991), 4326)::geography);
INSERT INTO route_stops (id, "routeId", "sequence", "address", lat, lng, "location") VALUES
    ('a1000000-0004-0002-0001-000000000001', 'a0000000-0004-0002-0000-000000000001', 1, 'AM Stop 1 - Cedar Ln & Birch Blvd', 45.29594, -75.85503, ST_SetSRID(ST_MakePoint(-75.85503, 45.29594), 4326)::geography);
INSERT INTO route_stops (id, "routeId", "sequence", "address", lat, lng, "location") VALUES
    ('a1000000-0004-0002-0001-000000000002', 'a0000000-0004-0002-0000-000000000001', 2, 'AM Stop 2 - Birch Blvd & Willow Way', 45.29099, -75.8597, ST_SetSRID(ST_MakePoint(-75.8597, 45.29099), 4326)::geography);
INSERT INTO route_stops (id, "routeId", "sequence", "address", lat, lng, "location") VALUES
    ('a1000000-0004-0002-0001-000000000003', 'a0000000-0004-0002-0000-000000000001', 3, 'AM Stop 3 - Willow Way & Spruce Ct', 45.288, -75.86773, ST_SetSRID(ST_MakePoint(-75.86773, 45.288), 4326)::geography);
INSERT INTO route_stops (id, "routeId", "sequence", "address", lat, lng, "location") VALUES
    ('a1000000-0004-0002-0001-000000000004', 'a0000000-0004-0002-0000-000000000001', 4, 'AM Stop 4 - Spruce Ct & Ash Pl', 45.29224, -75.8718, ST_SetSRID(ST_MakePoint(-75.8718, 45.29224), 4326)::geography);
INSERT INTO route_stops (id, "routeId", "sequence", "address", lat, lng, "location") VALUES
    ('a1000000-0004-0002-0001-000000000005', 'a0000000-0004-0002-0000-000000000001', 5, 'AM Stop 5 - Ash Pl & Poplar Cr', 45.28812, -75.8782, ST_SetSRID(ST_MakePoint(-75.8782, 45.28812), 4326)::geography);
INSERT INTO route_stops (id, "routeId", "sequence", "address", lat, lng, "location") VALUES
    ('a1000000-0004-0002-0002-000000000001', 'a0000000-0004-0002-0000-000000000002', 1, 'PM Stop 1 - Cedar Ln & Birch Blvd', 45.28844, -75.87868, ST_SetSRID(ST_MakePoint(-75.87868, 45.28844), 4326)::geography);
INSERT INTO route_stops (id, "routeId", "sequence", "address", lat, lng, "location") VALUES
    ('a1000000-0004-0002-0002-000000000002', 'a0000000-0004-0002-0000-000000000002', 2, 'PM Stop 2 - Birch Blvd & Willow Way', 45.29224, -75.8718, ST_SetSRID(ST_MakePoint(-75.8718, 45.29224), 4326)::geography);
INSERT INTO route_stops (id, "routeId", "sequence", "address", lat, lng, "location") VALUES
    ('a1000000-0004-0002-0002-000000000003', 'a0000000-0004-0002-0000-000000000002', 3, 'PM Stop 3 - Willow Way & Spruce Ct', 45.28781, -75.86775, ST_SetSRID(ST_MakePoint(-75.86775, 45.28781), 4326)::geography);
INSERT INTO route_stops (id, "routeId", "sequence", "address", lat, lng, "location") VALUES
    ('a1000000-0004-0002-0002-000000000004', 'a0000000-0004-0002-0000-000000000002', 4, 'PM Stop 4 - Spruce Ct & Ash Pl', 45.29096, -75.85939, ST_SetSRID(ST_MakePoint(-75.85939, 45.29096), 4326)::geography);
INSERT INTO route_stops (id, "routeId", "sequence", "address", lat, lng, "location") VALUES
    ('a1000000-0004-0002-0002-000000000005', 'a0000000-0004-0002-0000-000000000002', 5, 'PM Stop 5 - Ash Pl & Poplar Cr', 45.29074, -75.85259, ST_SetSRID(ST_MakePoint(-75.85259, 45.29074), 4326)::geography);
INSERT INTO route_stops (id, "routeId", "sequence", "address", lat, lng, "location") VALUES
    ('a1000000-0004-0003-0001-000000000001', 'a0000000-0004-0003-0000-000000000001', 1, 'AM Stop 1 - Ash Pl & Poplar Cr', 45.26948, -75.86024, ST_SetSRID(ST_MakePoint(-75.86024, 45.26948), 4326)::geography);
INSERT INTO route_stops (id, "routeId", "sequence", "address", lat, lng, "location") VALUES
    ('a1000000-0004-0003-0001-000000000002', 'a0000000-0004-0003-0000-000000000001', 2, 'AM Stop 2 - Poplar Cr & Walnut St', 45.2744, -75.86905, ST_SetSRID(ST_MakePoint(-75.86905, 45.2744), 4326)::geography);
INSERT INTO route_stops (id, "routeId", "sequence", "address", lat, lng, "location") VALUES
    ('a1000000-0004-0003-0001-000000000003', 'a0000000-0004-0003-0000-000000000001', 3, 'AM Stop 3 - Walnut St & Cherry Ln', 45.27658, -75.87393, ST_SetSRID(ST_MakePoint(-75.87393, 45.27658), 4326)::geography);
INSERT INTO route_stops (id, "routeId", "sequence", "address", lat, lng, "location") VALUES
    ('a1000000-0004-0003-0001-000000000004', 'a0000000-0004-0003-0000-000000000001', 4, 'AM Stop 4 - Cherry Ln & Hickory Dr', 45.28012, -75.87979, ST_SetSRID(ST_MakePoint(-75.87979, 45.28012), 4326)::geography);
INSERT INTO route_stops (id, "routeId", "sequence", "address", lat, lng, "location") VALUES
    ('a1000000-0004-0003-0001-000000000005', 'a0000000-0004-0003-0000-000000000001', 5, 'AM Stop 5 - Hickory Dr & Alder Ave', 45.28508, -75.88556, ST_SetSRID(ST_MakePoint(-75.88556, 45.28508), 4326)::geography);
INSERT INTO route_stops (id, "routeId", "sequence", "address", lat, lng, "location") VALUES
    ('a1000000-0004-0003-0001-000000000006', 'a0000000-0004-0003-0000-000000000001', 6, 'AM Stop 6 - Alder Ave & Linden Rd', 45.28547, -75.88257, ST_SetSRID(ST_MakePoint(-75.88257, 45.28547), 4326)::geography);
INSERT INTO route_stops (id, "routeId", "sequence", "address", lat, lng, "location") VALUES
    ('a1000000-0004-0003-0001-000000000007', 'a0000000-0004-0003-0000-000000000001', 7, 'AM Stop 7 - Linden Rd & Hazel Ct', 45.28708, -75.88304, ST_SetSRID(ST_MakePoint(-75.88304, 45.28708), 4326)::geography);
INSERT INTO route_stops (id, "routeId", "sequence", "address", lat, lng, "location") VALUES
    ('a1000000-0004-0003-0002-000000000001', 'a0000000-0004-0003-0000-000000000002', 1, 'PM Stop 1 - Ash Pl & Poplar Cr', 45.28683, -75.88274, ST_SetSRID(ST_MakePoint(-75.88274, 45.28683), 4326)::geography);
INSERT INTO route_stops (id, "routeId", "sequence", "address", lat, lng, "location") VALUES
    ('a1000000-0004-0003-0002-000000000002', 'a0000000-0004-0003-0000-000000000002', 2, 'PM Stop 2 - Poplar Cr & Walnut St', 45.28524, -75.88314, ST_SetSRID(ST_MakePoint(-75.88314, 45.28524), 4326)::geography);
INSERT INTO route_stops (id, "routeId", "sequence", "address", lat, lng, "location") VALUES
    ('a1000000-0004-0003-0002-000000000003', 'a0000000-0004-0003-0000-000000000002', 3, 'PM Stop 3 - Walnut St & Cherry Ln', 45.28502, -75.88566, ST_SetSRID(ST_MakePoint(-75.88566, 45.28502), 4326)::geography);
INSERT INTO route_stops (id, "routeId", "sequence", "address", lat, lng, "location") VALUES
    ('a1000000-0004-0003-0002-000000000004', 'a0000000-0004-0003-0000-000000000002', 4, 'PM Stop 4 - Cherry Ln & Hickory Dr', 45.28023, -75.87993, ST_SetSRID(ST_MakePoint(-75.87993, 45.28023), 4326)::geography);
INSERT INTO route_stops (id, "routeId", "sequence", "address", lat, lng, "location") VALUES
    ('a1000000-0004-0003-0002-000000000005', 'a0000000-0004-0003-0000-000000000002', 5, 'PM Stop 5 - Hickory Dr & Alder Ave', 45.27669, -75.87442, ST_SetSRID(ST_MakePoint(-75.87442, 45.27669), 4326)::geography);
INSERT INTO route_stops (id, "routeId", "sequence", "address", lat, lng, "location") VALUES
    ('a1000000-0004-0003-0002-000000000006', 'a0000000-0004-0003-0000-000000000002', 6, 'PM Stop 6 - Alder Ave & Linden Rd', 45.27448, -75.86915, ST_SetSRID(ST_MakePoint(-75.86915, 45.27448), 4326)::geography);
INSERT INTO route_stops (id, "routeId", "sequence", "address", lat, lng, "location") VALUES
    ('a1000000-0004-0003-0002-000000000007', 'a0000000-0004-0003-0000-000000000002', 7, 'PM Stop 7 - Linden Rd & Hazel Ct', 45.26948, -75.8606, ST_SetSRID(ST_MakePoint(-75.8606, 45.26948), 4326)::geography);
INSERT INTO route_stops (id, "routeId", "sequence", "address", lat, lng, "location") VALUES
    ('a1000000-0004-0004-0001-000000000001', 'a0000000-0004-0004-0000-000000000001', 1, 'AM Stop 1 - Hickory Dr & Alder Ave', 45.26436, -75.91239, ST_SetSRID(ST_MakePoint(-75.91239, 45.26436), 4326)::geography);
INSERT INTO route_stops (id, "routeId", "sequence", "address", lat, lng, "location") VALUES
    ('a1000000-0004-0004-0001-000000000002', 'a0000000-0004-0004-0000-000000000001', 2, 'AM Stop 2 - Alder Ave & Linden Rd', 45.27279, -75.89799, ST_SetSRID(ST_MakePoint(-75.89799, 45.27279), 4326)::geography);
INSERT INTO route_stops (id, "routeId", "sequence", "address", lat, lng, "location") VALUES
    ('a1000000-0004-0004-0001-000000000003', 'a0000000-0004-0004-0000-000000000001', 3, 'AM Stop 3 - Linden Rd & Hazel Ct', 45.27626, -75.89333, ST_SetSRID(ST_MakePoint(-75.89333, 45.27626), 4326)::geography);
INSERT INTO route_stops (id, "routeId", "sequence", "address", lat, lng, "location") VALUES
    ('a1000000-0004-0004-0001-000000000004', 'a0000000-0004-0004-0000-000000000001', 4, 'AM Stop 4 - Hazel Ct & Sycamore Dr', 45.28159, -75.89123, ST_SetSRID(ST_MakePoint(-75.89123, 45.28159), 4326)::geography);
INSERT INTO route_stops (id, "routeId", "sequence", "address", lat, lng, "location") VALUES
    ('a1000000-0004-0004-0001-000000000005', 'a0000000-0004-0004-0000-000000000001', 5, 'AM Stop 5 - Sycamore Dr & Laurel Way', 45.28502, -75.88566, ST_SetSRID(ST_MakePoint(-75.88566, 45.28502), 4326)::geography);
INSERT INTO route_stops (id, "routeId", "sequence", "address", lat, lng, "location") VALUES
    ('a1000000-0004-0004-0002-000000000001', 'a0000000-0004-0004-0000-000000000002', 1, 'PM Stop 1 - Hickory Dr & Alder Ave', 45.28539, -75.88495, ST_SetSRID(ST_MakePoint(-75.88495, 45.28539), 4326)::geography);
INSERT INTO route_stops (id, "routeId", "sequence", "address", lat, lng, "location") VALUES
    ('a1000000-0004-0004-0002-000000000002', 'a0000000-0004-0004-0000-000000000002', 2, 'PM Stop 2 - Alder Ave & Linden Rd', 45.28261, -75.88959, ST_SetSRID(ST_MakePoint(-75.88959, 45.28261), 4326)::geography);
INSERT INTO route_stops (id, "routeId", "sequence", "address", lat, lng, "location") VALUES
    ('a1000000-0004-0004-0002-000000000003', 'a0000000-0004-0004-0000-000000000002', 3, 'PM Stop 3 - Linden Rd & Hazel Ct', 45.27691, -75.89334, ST_SetSRID(ST_MakePoint(-75.89334, 45.27691), 4326)::geography);
INSERT INTO route_stops (id, "routeId", "sequence", "address", lat, lng, "location") VALUES
    ('a1000000-0004-0004-0002-000000000004', 'a0000000-0004-0004-0000-000000000002', 4, 'PM Stop 4 - Hazel Ct & Sycamore Dr', 45.2739, -75.89636, ST_SetSRID(ST_MakePoint(-75.89636, 45.2739), 4326)::geography);
INSERT INTO route_stops (id, "routeId", "sequence", "address", lat, lng, "location") VALUES
    ('a1000000-0004-0004-0002-000000000005', 'a0000000-0004-0004-0000-000000000002', 5, 'PM Stop 5 - Sycamore Dr & Laurel Way', 45.26412, -75.91188, ST_SetSRID(ST_MakePoint(-75.91188, 45.26412), 4326)::geography);
INSERT INTO route_stops (id, "routeId", "sequence", "address", lat, lng, "location") VALUES
    ('a1000000-0004-0005-0001-000000000001', 'a0000000-0004-0005-0000-000000000001', 1, 'AM Stop 1 - Sycamore Dr & Laurel Way', 45.30754, -75.91938, ST_SetSRID(ST_MakePoint(-75.91938, 45.30754), 4326)::geography);
INSERT INTO route_stops (id, "routeId", "sequence", "address", lat, lng, "location") VALUES
    ('a1000000-0004-0005-0001-000000000002', 'a0000000-0004-0005-0000-000000000001', 2, 'AM Stop 2 - Laurel Way & Chestnut Blvd', 45.30939, -75.91743, ST_SetSRID(ST_MakePoint(-75.91743, 45.30939), 4326)::geography);
INSERT INTO route_stops (id, "routeId", "sequence", "address", lat, lng, "location") VALUES
    ('a1000000-0004-0005-0001-000000000003', 'a0000000-0004-0005-0000-000000000001', 3, 'AM Stop 3 - Chestnut Blvd & Magnolia Ct', 45.30691, -75.91325, ST_SetSRID(ST_MakePoint(-75.91325, 45.30691), 4326)::geography);
INSERT INTO route_stops (id, "routeId", "sequence", "address", lat, lng, "location") VALUES
    ('a1000000-0004-0005-0001-000000000004', 'a0000000-0004-0005-0000-000000000001', 4, 'AM Stop 4 - Magnolia Ct & Elm St', 45.30051, -75.90583, ST_SetSRID(ST_MakePoint(-75.90583, 45.30051), 4326)::geography);
INSERT INTO route_stops (id, "routeId", "sequence", "address", lat, lng, "location") VALUES
    ('a1000000-0004-0005-0001-000000000005', 'a0000000-0004-0005-0000-000000000001', 5, 'AM Stop 5 - Elm St & Maple Ave', 45.29506, -75.89787, ST_SetSRID(ST_MakePoint(-75.89787, 45.29506), 4326)::geography);
INSERT INTO route_stops (id, "routeId", "sequence", "address", lat, lng, "location") VALUES
    ('a1000000-0004-0005-0001-000000000006', 'a0000000-0004-0005-0000-000000000001', 6, 'AM Stop 6 - Maple Ave & Oak Dr', 45.2891, -75.89075, ST_SetSRID(ST_MakePoint(-75.89075, 45.2891), 4326)::geography);
INSERT INTO route_stops (id, "routeId", "sequence", "address", lat, lng, "location") VALUES
    ('a1000000-0004-0005-0001-000000000007', 'a0000000-0004-0005-0000-000000000001', 7, 'AM Stop 7 - Oak Dr & Pine Rd', 45.28515, -75.88355, ST_SetSRID(ST_MakePoint(-75.88355, 45.28515), 4326)::geography);
INSERT INTO route_stops (id, "routeId", "sequence", "address", lat, lng, "location") VALUES
    ('a1000000-0004-0005-0002-000000000001', 'a0000000-0004-0005-0000-000000000002', 1, 'PM Stop 1 - Sycamore Dr & Laurel Way', 45.2855, -75.88249, ST_SetSRID(ST_MakePoint(-75.88249, 45.2855), 4326)::geography);
INSERT INTO route_stops (id, "routeId", "sequence", "address", lat, lng, "location") VALUES
    ('a1000000-0004-0005-0002-000000000002', 'a0000000-0004-0005-0000-000000000002', 2, 'PM Stop 2 - Laurel Way & Chestnut Blvd', 45.28683, -75.88786, ST_SetSRID(ST_MakePoint(-75.88786, 45.28683), 4326)::geography);
INSERT INTO route_stops (id, "routeId", "sequence", "address", lat, lng, "location") VALUES
    ('a1000000-0004-0005-0002-000000000003', 'a0000000-0004-0005-0000-000000000002', 3, 'PM Stop 3 - Chestnut Blvd & Magnolia Ct', 45.29432, -75.89643, ST_SetSRID(ST_MakePoint(-75.89643, 45.29432), 4326)::geography);
INSERT INTO route_stops (id, "routeId", "sequence", "address", lat, lng, "location") VALUES
    ('a1000000-0004-0005-0002-000000000004', 'a0000000-0004-0005-0000-000000000002', 4, 'PM Stop 4 - Magnolia Ct & Elm St', 45.30015, -75.90513, ST_SetSRID(ST_MakePoint(-75.90513, 45.30015), 4326)::geography);
INSERT INTO route_stops (id, "routeId", "sequence", "address", lat, lng, "location") VALUES
    ('a1000000-0004-0005-0002-000000000005', 'a0000000-0004-0005-0000-000000000002', 5, 'PM Stop 5 - Elm St & Maple Ave', 45.307, -75.91336, ST_SetSRID(ST_MakePoint(-75.91336, 45.307), 4326)::geography);
INSERT INTO route_stops (id, "routeId", "sequence", "address", lat, lng, "location") VALUES
    ('a1000000-0004-0005-0002-000000000006', 'a0000000-0004-0005-0000-000000000002', 6, 'PM Stop 6 - Maple Ave & Oak Dr', 45.3095, -75.91724, ST_SetSRID(ST_MakePoint(-75.91724, 45.3095), 4326)::geography);
INSERT INTO route_stops (id, "routeId", "sequence", "address", lat, lng, "location") VALUES
    ('a1000000-0004-0005-0002-000000000007', 'a0000000-0004-0005-0000-000000000002', 7, 'PM Stop 7 - Oak Dr & Pine Rd', 45.3078, -75.91911, ST_SetSRID(ST_MakePoint(-75.91911, 45.3078), 4326)::geography);
INSERT INTO route_stops (id, "routeId", "sequence", "address", lat, lng, "location") VALUES
    ('a1000000-0005-0001-0001-000000000001', 'a0000000-0005-0001-0000-000000000001', 1, 'AM Stop 1 - Elm St & Maple Ave', 45.28564, -75.88647, ST_SetSRID(ST_MakePoint(-75.88647, 45.28564), 4326)::geography);
INSERT INTO route_stops (id, "routeId", "sequence", "address", lat, lng, "location") VALUES
    ('a1000000-0005-0001-0001-000000000002', 'a0000000-0005-0001-0000-000000000001', 2, 'AM Stop 2 - Maple Ave & Oak Dr', 45.28301, -75.8892, ST_SetSRID(ST_MakePoint(-75.8892, 45.28301), 4326)::geography);
INSERT INTO route_stops (id, "routeId", "sequence", "address", lat, lng, "location") VALUES
    ('a1000000-0005-0001-0001-000000000003', 'a0000000-0005-0001-0000-000000000001', 3, 'AM Stop 3 - Oak Dr & Pine Rd', 45.28057, -75.89285, ST_SetSRID(ST_MakePoint(-75.89285, 45.28057), 4326)::geography);
INSERT INTO route_stops (id, "routeId", "sequence", "address", lat, lng, "location") VALUES
    ('a1000000-0005-0001-0001-000000000004', 'a0000000-0005-0001-0000-000000000001', 4, 'AM Stop 4 - Pine Rd & Cedar Ln', 45.27726, -75.89349, ST_SetSRID(ST_MakePoint(-75.89349, 45.27726), 4326)::geography);
INSERT INTO route_stops (id, "routeId", "sequence", "address", lat, lng, "location") VALUES
    ('a1000000-0005-0001-0001-000000000005', 'a0000000-0005-0001-0000-000000000001', 5, 'AM Stop 5 - Cedar Ln & Birch Blvd', 45.27466, -75.89507, ST_SetSRID(ST_MakePoint(-75.89507, 45.27466), 4326)::geography);
INSERT INTO route_stops (id, "routeId", "sequence", "address", lat, lng, "location") VALUES
    ('a1000000-0005-0001-0001-000000000006', 'a0000000-0005-0001-0000-000000000001', 6, 'AM Stop 6 - Birch Blvd & Willow Way', 45.27356, -75.89484, ST_SetSRID(ST_MakePoint(-75.89484, 45.27356), 4326)::geography);
INSERT INTO route_stops (id, "routeId", "sequence", "address", lat, lng, "location") VALUES
    ('a1000000-0005-0001-0001-000000000007', 'a0000000-0005-0001-0000-000000000001', 7, 'AM Stop 7 - Willow Way & Spruce Ct', 45.27018, -75.89234, ST_SetSRID(ST_MakePoint(-75.89234, 45.27018), 4326)::geography);
INSERT INTO route_stops (id, "routeId", "sequence", "address", lat, lng, "location") VALUES
    ('a1000000-0005-0001-0002-000000000001', 'a0000000-0005-0001-0000-000000000002', 1, 'PM Stop 1 - Elm St & Maple Ave', 45.26843, -75.89013, ST_SetSRID(ST_MakePoint(-75.89013, 45.26843), 4326)::geography);
INSERT INTO route_stops (id, "routeId", "sequence", "address", lat, lng, "location") VALUES
    ('a1000000-0005-0001-0002-000000000002', 'a0000000-0005-0001-0000-000000000002', 2, 'PM Stop 2 - Maple Ave & Oak Dr', 45.27057, -75.89231, ST_SetSRID(ST_MakePoint(-75.89231, 45.27057), 4326)::geography);
INSERT INTO route_stops (id, "routeId", "sequence", "address", lat, lng, "location") VALUES
    ('a1000000-0005-0001-0002-000000000003', 'a0000000-0005-0001-0000-000000000002', 3, 'PM Stop 3 - Oak Dr & Pine Rd', 45.27438, -75.89539, ST_SetSRID(ST_MakePoint(-75.89539, 45.27438), 4326)::geography);
INSERT INTO route_stops (id, "routeId", "sequence", "address", lat, lng, "location") VALUES
    ('a1000000-0005-0001-0002-000000000004', 'a0000000-0005-0001-0000-000000000002', 4, 'PM Stop 4 - Pine Rd & Cedar Ln', 45.27691, -75.89334, ST_SetSRID(ST_MakePoint(-75.89334, 45.27691), 4326)::geography);
INSERT INTO route_stops (id, "routeId", "sequence", "address", lat, lng, "location") VALUES
    ('a1000000-0005-0001-0002-000000000005', 'a0000000-0005-0001-0000-000000000002', 5, 'PM Stop 5 - Cedar Ln & Birch Blvd', 45.28004, -75.89362, ST_SetSRID(ST_MakePoint(-75.89362, 45.28004), 4326)::geography);
INSERT INTO route_stops (id, "routeId", "sequence", "address", lat, lng, "location") VALUES
    ('a1000000-0005-0001-0002-000000000006', 'a0000000-0005-0001-0000-000000000002', 6, 'PM Stop 6 - Birch Blvd & Willow Way', 45.28275, -75.88912, ST_SetSRID(ST_MakePoint(-75.88912, 45.28275), 4326)::geography);
INSERT INTO route_stops (id, "routeId", "sequence", "address", lat, lng, "location") VALUES
    ('a1000000-0005-0001-0002-000000000007', 'a0000000-0005-0001-0000-000000000002', 7, 'PM Stop 7 - Willow Way & Spruce Ct', 45.28502, -75.88566, ST_SetSRID(ST_MakePoint(-75.88566, 45.28502), 4326)::geography);
INSERT INTO route_stops (id, "routeId", "sequence", "address", lat, lng, "location") VALUES
    ('a1000000-0005-0002-0001-000000000001', 'a0000000-0005-0002-0000-000000000001', 1, 'AM Stop 1 - Cedar Ln & Birch Blvd', 45.27347, -75.84959, ST_SetSRID(ST_MakePoint(-75.84959, 45.27347), 4326)::geography);
INSERT INTO route_stops (id, "routeId", "sequence", "address", lat, lng, "location") VALUES
    ('a1000000-0005-0002-0001-000000000002', 'a0000000-0005-0002-0000-000000000001', 2, 'AM Stop 2 - Birch Blvd & Willow Way', 45.2708, -75.85189, ST_SetSRID(ST_MakePoint(-75.85189, 45.2708), 4326)::geography);
INSERT INTO route_stops (id, "routeId", "sequence", "address", lat, lng, "location") VALUES
    ('a1000000-0005-0002-0001-000000000003', 'a0000000-0005-0002-0000-000000000001', 3, 'AM Stop 3 - Willow Way & Spruce Ct', 45.26956, -75.86155, ST_SetSRID(ST_MakePoint(-75.86155, 45.26956), 4326)::geography);
INSERT INTO route_stops (id, "routeId", "sequence", "address", lat, lng, "location") VALUES
    ('a1000000-0005-0002-0001-000000000004', 'a0000000-0005-0002-0000-000000000001', 4, 'AM Stop 4 - Spruce Ct & Ash Pl', 45.26981, -75.87632, ST_SetSRID(ST_MakePoint(-75.87632, 45.26981), 4326)::geography);
INSERT INTO route_stops (id, "routeId", "sequence", "address", lat, lng, "location") VALUES
    ('a1000000-0005-0002-0001-000000000005', 'a0000000-0005-0002-0000-000000000001', 5, 'AM Stop 5 - Ash Pl & Poplar Cr', 45.26814, -75.88995, ST_SetSRID(ST_MakePoint(-75.88995, 45.26814), 4326)::geography);
INSERT INTO route_stops (id, "routeId", "sequence", "address", lat, lng, "location") VALUES
    ('a1000000-0005-0002-0002-000000000001', 'a0000000-0005-0002-0000-000000000002', 1, 'PM Stop 1 - Cedar Ln & Birch Blvd', 45.26443, -75.88538, ST_SetSRID(ST_MakePoint(-75.88538, 45.26443), 4326)::geography);
INSERT INTO route_stops (id, "routeId", "sequence", "address", lat, lng, "location") VALUES
    ('a1000000-0005-0002-0002-000000000002', 'a0000000-0005-0002-0000-000000000002', 2, 'PM Stop 2 - Birch Blvd & Willow Way', 45.27156, -75.87351, ST_SetSRID(ST_MakePoint(-75.87351, 45.27156), 4326)::geography);
INSERT INTO route_stops (id, "routeId", "sequence", "address", lat, lng, "location") VALUES
    ('a1000000-0005-0002-0002-000000000003', 'a0000000-0005-0002-0000-000000000002', 3, 'PM Stop 3 - Willow Way & Spruce Ct', 45.26948, -75.8606, ST_SetSRID(ST_MakePoint(-75.8606, 45.26948), 4326)::geography);
INSERT INTO route_stops (id, "routeId", "sequence", "address", lat, lng, "location") VALUES
    ('a1000000-0005-0002-0002-000000000004', 'a0000000-0005-0002-0000-000000000002', 4, 'PM Stop 4 - Spruce Ct & Ash Pl', 45.2708, -75.85189, ST_SetSRID(ST_MakePoint(-75.85189, 45.2708), 4326)::geography);
INSERT INTO route_stops (id, "routeId", "sequence", "address", lat, lng, "location") VALUES
    ('a1000000-0005-0002-0002-000000000005', 'a0000000-0005-0002-0000-000000000002', 5, 'PM Stop 5 - Ash Pl & Poplar Cr', 45.27354, -75.84925, ST_SetSRID(ST_MakePoint(-75.84925, 45.27354), 4326)::geography);
INSERT INTO route_stops (id, "routeId", "sequence", "address", lat, lng, "location") VALUES
    ('a1000000-0005-0003-0001-000000000001', 'a0000000-0005-0003-0000-000000000001', 1, 'AM Stop 1 - Ash Pl & Poplar Cr', 45.25125, -75.85009, ST_SetSRID(ST_MakePoint(-75.85009, 45.25125), 4326)::geography);
INSERT INTO route_stops (id, "routeId", "sequence", "address", lat, lng, "location") VALUES
    ('a1000000-0005-0003-0001-000000000002', 'a0000000-0005-0003-0000-000000000001', 2, 'AM Stop 2 - Poplar Cr & Walnut St', 45.26982, -75.85787, ST_SetSRID(ST_MakePoint(-75.85787, 45.26982), 4326)::geography);
INSERT INTO route_stops (id, "routeId", "sequence", "address", lat, lng, "location") VALUES
    ('a1000000-0005-0003-0001-000000000003', 'a0000000-0005-0003-0000-000000000001', 3, 'AM Stop 3 - Walnut St & Cherry Ln', 45.27039, -75.86384, ST_SetSRID(ST_MakePoint(-75.86384, 45.27039), 4326)::geography);
INSERT INTO route_stops (id, "routeId", "sequence", "address", lat, lng, "location") VALUES
    ('a1000000-0005-0003-0001-000000000004', 'a0000000-0005-0003-0000-000000000001', 4, 'AM Stop 4 - Cherry Ln & Hickory Dr', 45.27298, -75.87129, ST_SetSRID(ST_MakePoint(-75.87129, 45.27298), 4326)::geography);
INSERT INTO route_stops (id, "routeId", "sequence", "address", lat, lng, "location") VALUES
    ('a1000000-0005-0003-0001-000000000005', 'a0000000-0005-0003-0000-000000000001', 5, 'AM Stop 5 - Hickory Dr & Alder Ave', 45.26794, -75.87937, ST_SetSRID(ST_MakePoint(-75.87937, 45.26794), 4326)::geography);
INSERT INTO route_stops (id, "routeId", "sequence", "address", lat, lng, "location") VALUES
    ('a1000000-0005-0003-0001-000000000006', 'a0000000-0005-0003-0000-000000000001', 6, 'AM Stop 6 - Alder Ave & Linden Rd', 45.26589, -75.88725, ST_SetSRID(ST_MakePoint(-75.88725, 45.26589), 4326)::geography);
INSERT INTO route_stops (id, "routeId", "sequence", "address", lat, lng, "location") VALUES
    ('a1000000-0005-0003-0001-000000000007', 'a0000000-0005-0003-0000-000000000001', 7, 'AM Stop 7 - Linden Rd & Hazel Ct', 45.26843, -75.89013, ST_SetSRID(ST_MakePoint(-75.89013, 45.26843), 4326)::geography);
INSERT INTO route_stops (id, "routeId", "sequence", "address", lat, lng, "location") VALUES
    ('a1000000-0005-0003-0002-000000000001', 'a0000000-0005-0003-0000-000000000002', 1, 'PM Stop 1 - Ash Pl & Poplar Cr', 45.26815, -75.89024, ST_SetSRID(ST_MakePoint(-75.89024, 45.26815), 4326)::geography);
INSERT INTO route_stops (id, "routeId", "sequence", "address", lat, lng, "location") VALUES
    ('a1000000-0005-0003-0002-000000000002', 'a0000000-0005-0003-0000-000000000002', 2, 'PM Stop 2 - Poplar Cr & Walnut St', 45.26437, -75.8853, ST_SetSRID(ST_MakePoint(-75.8853, 45.26437), 4326)::geography);
INSERT INTO route_stops (id, "routeId", "sequence", "address", lat, lng, "location") VALUES
    ('a1000000-0005-0003-0002-000000000003', 'a0000000-0005-0003-0000-000000000002', 3, 'PM Stop 3 - Walnut St & Cherry Ln', 45.26794, -75.87937, ST_SetSRID(ST_MakePoint(-75.87937, 45.26794), 4326)::geography);
INSERT INTO route_stops (id, "routeId", "sequence", "address", lat, lng, "location") VALUES
    ('a1000000-0005-0003-0002-000000000004', 'a0000000-0005-0003-0000-000000000002', 4, 'PM Stop 4 - Cherry Ln & Hickory Dr', 45.2729, -75.87141, ST_SetSRID(ST_MakePoint(-75.87141, 45.2729), 4326)::geography);
INSERT INTO route_stops (id, "routeId", "sequence", "address", lat, lng, "location") VALUES
    ('a1000000-0005-0003-0002-000000000005', 'a0000000-0005-0003-0000-000000000002', 5, 'PM Stop 5 - Hickory Dr & Alder Ave', 45.27089, -75.8645, ST_SetSRID(ST_MakePoint(-75.8645, 45.27089), 4326)::geography);
INSERT INTO route_stops (id, "routeId", "sequence", "address", lat, lng, "location") VALUES
    ('a1000000-0005-0003-0002-000000000006', 'a0000000-0005-0003-0000-000000000002', 6, 'PM Stop 6 - Alder Ave & Linden Rd', 45.26957, -75.8595, ST_SetSRID(ST_MakePoint(-75.8595, 45.26957), 4326)::geography);
INSERT INTO route_stops (id, "routeId", "sequence", "address", lat, lng, "location") VALUES
    ('a1000000-0005-0003-0002-000000000007', 'a0000000-0005-0003-0000-000000000002', 7, 'PM Stop 7 - Linden Rd & Hazel Ct', 45.25224, -75.84863, ST_SetSRID(ST_MakePoint(-75.84863, 45.25224), 4326)::geography);
INSERT INTO route_stops (id, "routeId", "sequence", "address", lat, lng, "location") VALUES
    ('a1000000-0005-0004-0001-000000000001', 'a0000000-0005-0004-0000-000000000001', 1, 'AM Stop 1 - Hickory Dr & Alder Ave', 45.24943, -75.9097, ST_SetSRID(ST_MakePoint(-75.9097, 45.24943), 4326)::geography);
INSERT INTO route_stops (id, "routeId", "sequence", "address", lat, lng, "location") VALUES
    ('a1000000-0005-0004-0001-000000000002', 'a0000000-0005-0004-0000-000000000001', 2, 'AM Stop 2 - Alder Ave & Linden Rd', 45.25607, -75.8986, ST_SetSRID(ST_MakePoint(-75.8986, 45.25607), 4326)::geography);
INSERT INTO route_stops (id, "routeId", "sequence", "address", lat, lng, "location") VALUES
    ('a1000000-0005-0004-0001-000000000003', 'a0000000-0005-0004-0000-000000000001', 3, 'AM Stop 3 - Linden Rd & Hazel Ct', 45.25749, -75.89626, ST_SetSRID(ST_MakePoint(-75.89626, 45.25749), 4326)::geography);
INSERT INTO route_stops (id, "routeId", "sequence", "address", lat, lng, "location") VALUES
    ('a1000000-0005-0004-0001-000000000004', 'a0000000-0005-0004-0000-000000000001', 4, 'AM Stop 4 - Hazel Ct & Sycamore Dr', 45.26321, -75.88705, ST_SetSRID(ST_MakePoint(-75.88705, 45.26321), 4326)::geography);
INSERT INTO route_stops (id, "routeId", "sequence", "address", lat, lng, "location") VALUES
    ('a1000000-0005-0004-0001-000000000005', 'a0000000-0005-0004-0000-000000000001', 5, 'AM Stop 5 - Sycamore Dr & Laurel Way', 45.26839, -75.89007, ST_SetSRID(ST_MakePoint(-75.89007, 45.26839), 4326)::geography);
INSERT INTO route_stops (id, "routeId", "sequence", "address", lat, lng, "location") VALUES
    ('a1000000-0005-0004-0002-000000000001', 'a0000000-0005-0004-0000-000000000002', 1, 'PM Stop 1 - Hickory Dr & Alder Ave', 45.26615, -75.88759, ST_SetSRID(ST_MakePoint(-75.88759, 45.26615), 4326)::geography);
INSERT INTO route_stops (id, "routeId", "sequence", "address", lat, lng, "location") VALUES
    ('a1000000-0005-0004-0002-000000000002', 'a0000000-0005-0004-0000-000000000002', 2, 'PM Stop 2 - Alder Ave & Linden Rd', 45.26033, -75.89164, ST_SetSRID(ST_MakePoint(-75.89164, 45.26033), 4326)::geography);
INSERT INTO route_stops (id, "routeId", "sequence", "address", lat, lng, "location") VALUES
    ('a1000000-0005-0004-0002-000000000003', 'a0000000-0005-0004-0000-000000000002', 3, 'PM Stop 3 - Linden Rd & Hazel Ct', 45.25724, -75.89705, ST_SetSRID(ST_MakePoint(-75.89705, 45.25724), 4326)::geography);
INSERT INTO route_stops (id, "routeId", "sequence", "address", lat, lng, "location") VALUES
    ('a1000000-0005-0004-0002-000000000004', 'a0000000-0005-0004-0000-000000000002', 4, 'PM Stop 4 - Hazel Ct & Sycamore Dr', 45.25532, -75.89986, ST_SetSRID(ST_MakePoint(-75.89986, 45.25532), 4326)::geography);
INSERT INTO route_stops (id, "routeId", "sequence", "address", lat, lng, "location") VALUES
    ('a1000000-0005-0004-0002-000000000005', 'a0000000-0005-0004-0000-000000000002', 5, 'PM Stop 5 - Sycamore Dr & Laurel Way', 45.24864, -75.91099, ST_SetSRID(ST_MakePoint(-75.91099, 45.24864), 4326)::geography);
INSERT INTO route_stops (id, "routeId", "sequence", "address", lat, lng, "location") VALUES
    ('a1000000-0005-0005-0001-000000000001', 'a0000000-0005-0005-0000-000000000001', 1, 'AM Stop 1 - Sycamore Dr & Laurel Way', 45.28329, -75.91833, ST_SetSRID(ST_MakePoint(-75.91833, 45.28329), 4326)::geography);
INSERT INTO route_stops (id, "routeId", "sequence", "address", lat, lng, "location") VALUES
    ('a1000000-0005-0005-0001-000000000002', 'a0000000-0005-0005-0000-000000000001', 2, 'AM Stop 2 - Laurel Way & Chestnut Blvd', 45.28646, -75.91745, ST_SetSRID(ST_MakePoint(-75.91745, 45.28646), 4326)::geography);
INSERT INTO route_stops (id, "routeId", "sequence", "address", lat, lng, "location") VALUES
    ('a1000000-0005-0005-0001-000000000003', 'a0000000-0005-0005-0000-000000000001', 3, 'AM Stop 3 - Chestnut Blvd & Magnolia Ct', 45.284, -75.91299, ST_SetSRID(ST_MakePoint(-75.91299, 45.284), 4326)::geography);
INSERT INTO route_stops (id, "routeId", "sequence", "address", lat, lng, "location") VALUES
    ('a1000000-0005-0005-0001-000000000004', 'a0000000-0005-0005-0000-000000000001', 4, 'AM Stop 4 - Magnolia Ct & Elm St', 45.28341, -75.90622, ST_SetSRID(ST_MakePoint(-75.90622, 45.28341), 4326)::geography);
INSERT INTO route_stops (id, "routeId", "sequence", "address", lat, lng, "location") VALUES
    ('a1000000-0005-0005-0001-000000000005', 'a0000000-0005-0005-0000-000000000001', 5, 'AM Stop 5 - Elm St & Maple Ave', 45.28078, -75.90331, ST_SetSRID(ST_MakePoint(-75.90331, 45.28078), 4326)::geography);
INSERT INTO route_stops (id, "routeId", "sequence", "address", lat, lng, "location") VALUES
    ('a1000000-0005-0005-0001-000000000006', 'a0000000-0005-0005-0000-000000000001', 6, 'AM Stop 6 - Maple Ave & Oak Dr', 45.27412, -75.89572, ST_SetSRID(ST_MakePoint(-75.89572, 45.27412), 4326)::geography);
INSERT INTO route_stops (id, "routeId", "sequence", "address", lat, lng, "location") VALUES
    ('a1000000-0005-0005-0001-000000000007', 'a0000000-0005-0005-0000-000000000001', 7, 'AM Stop 7 - Oak Dr & Pine Rd', 45.27018, -75.89234, ST_SetSRID(ST_MakePoint(-75.89234, 45.27018), 4326)::geography);
INSERT INTO route_stops (id, "routeId", "sequence", "address", lat, lng, "location") VALUES
    ('a1000000-0005-0005-0002-000000000001', 'a0000000-0005-0005-0000-000000000002', 1, 'PM Stop 1 - Sycamore Dr & Laurel Way', 45.26913, -75.89123, ST_SetSRID(ST_MakePoint(-75.89123, 45.26913), 4326)::geography);
INSERT INTO route_stops (id, "routeId", "sequence", "address", lat, lng, "location") VALUES
    ('a1000000-0005-0005-0002-000000000002', 'a0000000-0005-0005-0000-000000000002', 2, 'PM Stop 2 - Laurel Way & Chestnut Blvd', 45.27356, -75.89484, ST_SetSRID(ST_MakePoint(-75.89484, 45.27356), 4326)::geography);
INSERT INTO route_stops (id, "routeId", "sequence", "address", lat, lng, "location") VALUES
    ('a1000000-0005-0005-0002-000000000003', 'a0000000-0005-0005-0000-000000000002', 3, 'PM Stop 3 - Chestnut Blvd & Magnolia Ct', 45.27253, -75.89905, ST_SetSRID(ST_MakePoint(-75.89905, 45.27253), 4326)::geography);
INSERT INTO route_stops (id, "routeId", "sequence", "address", lat, lng, "location") VALUES
    ('a1000000-0005-0005-0002-000000000004', 'a0000000-0005-0005-0000-000000000002', 4, 'PM Stop 4 - Magnolia Ct & Elm St', 45.27831, -75.90601, ST_SetSRID(ST_MakePoint(-75.90601, 45.27831), 4326)::geography);
INSERT INTO route_stops (id, "routeId", "sequence", "address", lat, lng, "location") VALUES
    ('a1000000-0005-0005-0002-000000000005', 'a0000000-0005-0005-0000-000000000002', 5, 'PM Stop 5 - Elm St & Maple Ave', 45.2831, -75.91166, ST_SetSRID(ST_MakePoint(-75.91166, 45.2831), 4326)::geography);
INSERT INTO route_stops (id, "routeId", "sequence", "address", lat, lng, "location") VALUES
    ('a1000000-0005-0005-0002-000000000006', 'a0000000-0005-0005-0000-000000000002', 6, 'PM Stop 6 - Maple Ave & Oak Dr', 45.2866, -75.91722, ST_SetSRID(ST_MakePoint(-75.91722, 45.2866), 4326)::geography);
INSERT INTO route_stops (id, "routeId", "sequence", "address", lat, lng, "location") VALUES
    ('a1000000-0005-0005-0002-000000000007', 'a0000000-0005-0005-0000-000000000002', 7, 'PM Stop 7 - Oak Dr & Pine Rd', 45.28517, -75.91833, ST_SetSRID(ST_MakePoint(-75.91833, 45.28517), 4326)::geography);
INSERT INTO route_stops (id, "routeId", "sequence", "address", lat, lng, "location") VALUES
    ('a1000000-0006-0001-0001-000000000001', 'a0000000-0006-0001-0000-000000000001', 1, 'AM Stop 1 - Elm St & Maple Ave', 45.33665, -75.84411, ST_SetSRID(ST_MakePoint(-75.84411, 45.33665), 4326)::geography);
INSERT INTO route_stops (id, "routeId", "sequence", "address", lat, lng, "location") VALUES
    ('a1000000-0006-0001-0001-000000000002', 'a0000000-0006-0001-0000-000000000001', 2, 'AM Stop 2 - Maple Ave & Oak Dr', 45.32888, -75.83707, ST_SetSRID(ST_MakePoint(-75.83707, 45.32888), 4326)::geography);
INSERT INTO route_stops (id, "routeId", "sequence", "address", lat, lng, "location") VALUES
    ('a1000000-0006-0001-0001-000000000003', 'a0000000-0006-0001-0000-000000000001', 3, 'AM Stop 3 - Oak Dr & Pine Rd', 45.32285, -75.84846, ST_SetSRID(ST_MakePoint(-75.84846, 45.32285), 4326)::geography);
INSERT INTO route_stops (id, "routeId", "sequence", "address", lat, lng, "location") VALUES
    ('a1000000-0006-0001-0001-000000000004', 'a0000000-0006-0001-0000-000000000001', 4, 'AM Stop 4 - Pine Rd & Cedar Ln', 45.31469, -75.87034, ST_SetSRID(ST_MakePoint(-75.87034, 45.31469), 4326)::geography);
INSERT INTO route_stops (id, "routeId", "sequence", "address", lat, lng, "location") VALUES
    ('a1000000-0006-0001-0001-000000000005', 'a0000000-0006-0001-0000-000000000001', 5, 'AM Stop 5 - Cedar Ln & Birch Blvd', 45.31432, -75.88071, ST_SetSRID(ST_MakePoint(-75.88071, 45.31432), 4326)::geography);
INSERT INTO route_stops (id, "routeId", "sequence", "address", lat, lng, "location") VALUES
    ('a1000000-0006-0001-0001-000000000006', 'a0000000-0006-0001-0000-000000000001', 6, 'AM Stop 6 - Birch Blvd & Willow Way', 45.31046, -75.88042, ST_SetSRID(ST_MakePoint(-75.88042, 45.31046), 4326)::geography);
INSERT INTO route_stops (id, "routeId", "sequence", "address", lat, lng, "location") VALUES
    ('a1000000-0006-0001-0001-000000000007', 'a0000000-0006-0001-0000-000000000001', 7, 'AM Stop 7 - Willow Way & Spruce Ct', 45.30149, -75.87541, ST_SetSRID(ST_MakePoint(-75.87541, 45.30149), 4326)::geography);
INSERT INTO route_stops (id, "routeId", "sequence", "address", lat, lng, "location") VALUES
    ('a1000000-0006-0001-0001-000000000008', 'a0000000-0006-0001-0000-000000000001', 8, 'AM Stop 8 - Spruce Ct & Ash Pl', 45.29678, -75.88002, ST_SetSRID(ST_MakePoint(-75.88002, 45.29678), 4326)::geography);
INSERT INTO route_stops (id, "routeId", "sequence", "address", lat, lng, "location") VALUES
    ('a1000000-0006-0001-0002-000000000001', 'a0000000-0006-0001-0000-000000000002', 1, 'PM Stop 1 - Elm St & Maple Ave', 45.29524, -75.88102, ST_SetSRID(ST_MakePoint(-75.88102, 45.29524), 4326)::geography);
INSERT INTO route_stops (id, "routeId", "sequence", "address", lat, lng, "location") VALUES
    ('a1000000-0006-0001-0002-000000000002', 'a0000000-0006-0001-0000-000000000002', 2, 'PM Stop 2 - Maple Ave & Oak Dr', 45.29707, -75.87979, ST_SetSRID(ST_MakePoint(-75.87979, 45.29707), 4326)::geography);
INSERT INTO route_stops (id, "routeId", "sequence", "address", lat, lng, "location") VALUES
    ('a1000000-0006-0001-0002-000000000003', 'a0000000-0006-0001-0000-000000000002', 3, 'PM Stop 3 - Oak Dr & Pine Rd', 45.29999, -75.87672, ST_SetSRID(ST_MakePoint(-75.87672, 45.29999), 4326)::geography);
INSERT INTO route_stops (id, "routeId", "sequence", "address", lat, lng, "location") VALUES
    ('a1000000-0006-0001-0002-000000000004', 'a0000000-0006-0001-0000-000000000002', 4, 'PM Stop 4 - Pine Rd & Cedar Ln', 45.30108, -75.875, ST_SetSRID(ST_MakePoint(-75.875, 45.30108), 4326)::geography);
INSERT INTO route_stops (id, "routeId", "sequence", "address", lat, lng, "location") VALUES
    ('a1000000-0006-0001-0002-000000000005', 'a0000000-0006-0001-0000-000000000002', 5, 'PM Stop 5 - Cedar Ln & Birch Blvd', 45.30415, -75.8767, ST_SetSRID(ST_MakePoint(-75.8767, 45.30415), 4326)::geography);
INSERT INTO route_stops (id, "routeId", "sequence", "address", lat, lng, "location") VALUES
    ('a1000000-0006-0001-0002-000000000006', 'a0000000-0006-0001-0000-000000000002', 6, 'PM Stop 6 - Birch Blvd & Willow Way', 45.31099, -75.88055, ST_SetSRID(ST_MakePoint(-75.88055, 45.31099), 4326)::geography);
INSERT INTO route_stops (id, "routeId", "sequence", "address", lat, lng, "location") VALUES
    ('a1000000-0006-0001-0002-000000000007', 'a0000000-0006-0001-0000-000000000002', 7, 'PM Stop 7 - Willow Way & Spruce Ct', 45.31461, -75.88252, ST_SetSRID(ST_MakePoint(-75.88252, 45.31461), 4326)::geography);
INSERT INTO route_stops (id, "routeId", "sequence", "address", lat, lng, "location") VALUES
    ('a1000000-0006-0001-0002-000000000008', 'a0000000-0006-0001-0000-000000000002', 8, 'PM Stop 8 - Spruce Ct & Ash Pl', 45.31926, -75.88492, ST_SetSRID(ST_MakePoint(-75.88492, 45.31926), 4326)::geography);
INSERT INTO route_stops (id, "routeId", "sequence", "address", lat, lng, "location") VALUES
    ('a1000000-0006-0002-0001-000000000001', 'a0000000-0006-0002-0000-000000000001', 1, 'AM Stop 1 - Cedar Ln & Birch Blvd', 45.31003, -75.82975, ST_SetSRID(ST_MakePoint(-75.82975, 45.31003), 4326)::geography);
INSERT INTO route_stops (id, "routeId", "sequence", "address", lat, lng, "location") VALUES
    ('a1000000-0006-0002-0001-000000000002', 'a0000000-0006-0002-0000-000000000001', 2, 'AM Stop 2 - Birch Blvd & Willow Way', 45.31819, -75.83091, ST_SetSRID(ST_MakePoint(-75.83091, 45.31819), 4326)::geography);
INSERT INTO route_stops (id, "routeId", "sequence", "address", lat, lng, "location") VALUES
    ('a1000000-0006-0002-0001-000000000003', 'a0000000-0006-0002-0000-000000000001', 3, 'AM Stop 3 - Willow Way & Spruce Ct', 45.32067, -75.83687, ST_SetSRID(ST_MakePoint(-75.83687, 45.32067), 4326)::geography);
INSERT INTO route_stops (id, "routeId", "sequence", "address", lat, lng, "location") VALUES
    ('a1000000-0006-0002-0001-000000000004', 'a0000000-0006-0002-0000-000000000001', 4, 'AM Stop 4 - Spruce Ct & Ash Pl', 45.31742, -75.84467, ST_SetSRID(ST_MakePoint(-75.84467, 45.31742), 4326)::geography);
INSERT INTO route_stops (id, "routeId", "sequence", "address", lat, lng, "location") VALUES
    ('a1000000-0006-0002-0001-000000000005', 'a0000000-0006-0002-0000-000000000001', 5, 'AM Stop 5 - Ash Pl & Poplar Cr', 45.30395, -75.87679, ST_SetSRID(ST_MakePoint(-75.87679, 45.30395), 4326)::geography);
INSERT INTO route_stops (id, "routeId", "sequence", "address", lat, lng, "location") VALUES
    ('a1000000-0006-0002-0001-000000000006', 'a0000000-0006-0002-0000-000000000001', 6, 'AM Stop 6 - Poplar Cr & Walnut St', 45.29857, -75.8786, ST_SetSRID(ST_MakePoint(-75.8786, 45.29857), 4326)::geography);
INSERT INTO route_stops (id, "routeId", "sequence", "address", lat, lng, "location") VALUES
    ('a1000000-0006-0002-0002-000000000001', 'a0000000-0006-0002-0000-000000000002', 1, 'PM Stop 1 - Cedar Ln & Birch Blvd', 45.29901, -75.87815, ST_SetSRID(ST_MakePoint(-75.87815, 45.29901), 4326)::geography);
INSERT INTO route_stops (id, "routeId", "sequence", "address", lat, lng, "location") VALUES
    ('a1000000-0006-0002-0002-000000000002', 'a0000000-0006-0002-0000-000000000002', 2, 'PM Stop 2 - Birch Blvd & Willow Way', 45.30397, -75.87642, ST_SetSRID(ST_MakePoint(-75.87642, 45.30397), 4326)::geography);
INSERT INTO route_stops (id, "routeId", "sequence", "address", lat, lng, "location") VALUES
    ('a1000000-0006-0002-0002-000000000003', 'a0000000-0006-0002-0000-000000000002', 3, 'PM Stop 3 - Willow Way & Spruce Ct', 45.31844, -75.84199, ST_SetSRID(ST_MakePoint(-75.84199, 45.31844), 4326)::geography);
INSERT INTO route_stops (id, "routeId", "sequence", "address", lat, lng, "location") VALUES
    ('a1000000-0006-0002-0002-000000000004', 'a0000000-0006-0002-0000-000000000002', 4, 'PM Stop 4 - Spruce Ct & Ash Pl', 45.32117, -75.83557, ST_SetSRID(ST_MakePoint(-75.83557, 45.32117), 4326)::geography);
INSERT INTO route_stops (id, "routeId", "sequence", "address", lat, lng, "location") VALUES
    ('a1000000-0006-0002-0002-000000000005', 'a0000000-0006-0002-0000-000000000002', 5, 'PM Stop 5 - Ash Pl & Poplar Cr', 45.31739, -75.83054, ST_SetSRID(ST_MakePoint(-75.83054, 45.31739), 4326)::geography);
INSERT INTO route_stops (id, "routeId", "sequence", "address", lat, lng, "location") VALUES
    ('a1000000-0006-0002-0002-000000000006', 'a0000000-0006-0002-0000-000000000002', 6, 'PM Stop 6 - Poplar Cr & Walnut St', 45.30967, -75.82986, ST_SetSRID(ST_MakePoint(-75.82986, 45.30967), 4326)::geography);
INSERT INTO route_stops (id, "routeId", "sequence", "address", lat, lng, "location") VALUES
    ('a1000000-0006-0003-0001-000000000001', 'a0000000-0006-0003-0000-000000000001', 1, 'AM Stop 1 - Ash Pl & Poplar Cr', 45.27004, -75.85644, ST_SetSRID(ST_MakePoint(-75.85644, 45.27004), 4326)::geography);
INSERT INTO route_stops (id, "routeId", "sequence", "address", lat, lng, "location") VALUES
    ('a1000000-0006-0003-0001-000000000002', 'a0000000-0006-0003-0000-000000000001', 2, 'AM Stop 2 - Poplar Cr & Walnut St', 45.27073, -75.86431, ST_SetSRID(ST_MakePoint(-75.86431, 45.27073), 4326)::geography);
INSERT INTO route_stops (id, "routeId", "sequence", "address", lat, lng, "location") VALUES
    ('a1000000-0006-0003-0001-000000000003', 'a0000000-0006-0003-0000-000000000001', 3, 'AM Stop 3 - Walnut St & Cherry Ln', 45.27679, -75.87482, ST_SetSRID(ST_MakePoint(-75.87482, 45.27679), 4326)::geography);
INSERT INTO route_stops (id, "routeId", "sequence", "address", lat, lng, "location") VALUES
    ('a1000000-0006-0003-0001-000000000004', 'a0000000-0006-0003-0000-000000000001', 4, 'AM Stop 4 - Cherry Ln & Hickory Dr', 45.28456, -75.88515, ST_SetSRID(ST_MakePoint(-75.88515, 45.28456), 4326)::geography);
INSERT INTO route_stops (id, "routeId", "sequence", "address", lat, lng, "location") VALUES
    ('a1000000-0006-0003-0001-000000000005', 'a0000000-0006-0003-0000-000000000001', 5, 'AM Stop 5 - Hickory Dr & Alder Ave', 45.28556, -75.88242, ST_SetSRID(ST_MakePoint(-75.88242, 45.28556), 4326)::geography);
INSERT INTO route_stops (id, "routeId", "sequence", "address", lat, lng, "location") VALUES
    ('a1000000-0006-0003-0001-000000000006', 'a0000000-0006-0003-0000-000000000001', 6, 'AM Stop 6 - Alder Ave & Linden Rd', 45.29162, -75.87973, ST_SetSRID(ST_MakePoint(-75.87973, 45.29162), 4326)::geography);
INSERT INTO route_stops (id, "routeId", "sequence", "address", lat, lng, "location") VALUES
    ('a1000000-0006-0003-0001-000000000007', 'a0000000-0006-0003-0000-000000000001', 7, 'AM Stop 7 - Linden Rd & Hazel Ct', 45.29446, -75.88183, ST_SetSRID(ST_MakePoint(-75.88183, 45.29446), 4326)::geography);
INSERT INTO route_stops (id, "routeId", "sequence", "address", lat, lng, "location") VALUES
    ('a1000000-0006-0003-0002-000000000001', 'a0000000-0006-0003-0000-000000000002', 1, 'PM Stop 1 - Ash Pl & Poplar Cr', 45.29408, -75.88218, ST_SetSRID(ST_MakePoint(-75.88218, 45.29408), 4326)::geography);
INSERT INTO route_stops (id, "routeId", "sequence", "address", lat, lng, "location") VALUES
    ('a1000000-0006-0003-0002-000000000002', 'a0000000-0006-0003-0000-000000000002', 2, 'PM Stop 2 - Poplar Cr & Walnut St', 45.29127, -75.8797, ST_SetSRID(ST_MakePoint(-75.8797, 45.29127), 4326)::geography);
INSERT INTO route_stops (id, "routeId", "sequence", "address", lat, lng, "location") VALUES
    ('a1000000-0006-0003-0002-000000000003', 'a0000000-0006-0003-0000-000000000002', 3, 'PM Stop 3 - Walnut St & Cherry Ln', 45.28547, -75.88257, ST_SetSRID(ST_MakePoint(-75.88257, 45.28547), 4326)::geography);
INSERT INTO route_stops (id, "routeId", "sequence", "address", lat, lng, "location") VALUES
    ('a1000000-0006-0003-0002-000000000004', 'a0000000-0006-0003-0000-000000000002', 4, 'PM Stop 4 - Cherry Ln & Hickory Dr', 45.28455, -75.88519, ST_SetSRID(ST_MakePoint(-75.88519, 45.28455), 4326)::geography);
INSERT INTO route_stops (id, "routeId", "sequence", "address", lat, lng, "location") VALUES
    ('a1000000-0006-0003-0002-000000000005', 'a0000000-0006-0003-0000-000000000002', 5, 'PM Stop 5 - Hickory Dr & Alder Ave', 45.27679, -75.87482, ST_SetSRID(ST_MakePoint(-75.87482, 45.27679), 4326)::geography);
INSERT INTO route_stops (id, "routeId", "sequence", "address", lat, lng, "location") VALUES
    ('a1000000-0006-0003-0002-000000000006', 'a0000000-0006-0003-0000-000000000002', 6, 'PM Stop 6 - Alder Ave & Linden Rd', 45.27073, -75.86431, ST_SetSRID(ST_MakePoint(-75.86431, 45.27073), 4326)::geography);
INSERT INTO route_stops (id, "routeId", "sequence", "address", lat, lng, "location") VALUES
    ('a1000000-0006-0003-0002-000000000007', 'a0000000-0006-0003-0000-000000000002', 7, 'PM Stop 7 - Linden Rd & Hazel Ct', 45.27004, -75.85644, ST_SetSRID(ST_MakePoint(-75.85644, 45.27004), 4326)::geography);
INSERT INTO route_stops (id, "routeId", "sequence", "address", lat, lng, "location") VALUES
    ('a1000000-0006-0004-0001-000000000001', 'a0000000-0006-0004-0000-000000000001', 1, 'AM Stop 1 - Hickory Dr & Alder Ave', 45.27408, -75.89585, ST_SetSRID(ST_MakePoint(-75.89585, 45.27408), 4326)::geography);
INSERT INTO route_stops (id, "routeId", "sequence", "address", lat, lng, "location") VALUES
    ('a1000000-0006-0004-0001-000000000002', 'a0000000-0006-0004-0000-000000000001', 2, 'AM Stop 2 - Alder Ave & Linden Rd', 45.27754, -75.89362, ST_SetSRID(ST_MakePoint(-75.89362, 45.27754), 4326)::geography);
INSERT INTO route_stops (id, "routeId", "sequence", "address", lat, lng, "location") VALUES
    ('a1000000-0006-0004-0001-000000000003', 'a0000000-0006-0004-0000-000000000001', 3, 'AM Stop 3 - Linden Rd & Hazel Ct', 45.28273, -75.8893, ST_SetSRID(ST_MakePoint(-75.8893, 45.28273), 4326)::geography);
INSERT INTO route_stops (id, "routeId", "sequence", "address", lat, lng, "location") VALUES
    ('a1000000-0006-0004-0001-000000000004', 'a0000000-0006-0004-0000-000000000001', 4, 'AM Stop 4 - Hazel Ct & Sycamore Dr', 45.28516, -75.88375, ST_SetSRID(ST_MakePoint(-75.88375, 45.28516), 4326)::geography);
INSERT INTO route_stops (id, "routeId", "sequence", "address", lat, lng, "location") VALUES
    ('a1000000-0006-0004-0001-000000000005', 'a0000000-0006-0004-0000-000000000001', 5, 'AM Stop 5 - Sycamore Dr & Laurel Way', 45.29253, -75.8804, ST_SetSRID(ST_MakePoint(-75.8804, 45.29253), 4326)::geography);
INSERT INTO route_stops (id, "routeId", "sequence", "address", lat, lng, "location") VALUES
    ('a1000000-0006-0004-0002-000000000001', 'a0000000-0006-0004-0000-000000000002', 1, 'PM Stop 1 - Hickory Dr & Alder Ave', 45.29185, -75.87981, ST_SetSRID(ST_MakePoint(-75.87981, 45.29185), 4326)::geography);
INSERT INTO route_stops (id, "routeId", "sequence", "address", lat, lng, "location") VALUES
    ('a1000000-0006-0004-0002-000000000002', 'a0000000-0006-0004-0000-000000000002', 2, 'PM Stop 2 - Alder Ave & Linden Rd', 45.28541, -75.88475, ST_SetSRID(ST_MakePoint(-75.88475, 45.28541), 4326)::geography);
INSERT INTO route_stops (id, "routeId", "sequence", "address", lat, lng, "location") VALUES
    ('a1000000-0006-0004-0002-000000000003', 'a0000000-0006-0004-0000-000000000002', 3, 'PM Stop 3 - Linden Rd & Hazel Ct', 45.28269, -75.88949, ST_SetSRID(ST_MakePoint(-75.88949, 45.28269), 4326)::geography);
INSERT INTO route_stops (id, "routeId", "sequence", "address", lat, lng, "location") VALUES
    ('a1000000-0006-0004-0002-000000000004', 'a0000000-0006-0004-0000-000000000002', 4, 'PM Stop 4 - Hazel Ct & Sycamore Dr', 45.27726, -75.89349, ST_SetSRID(ST_MakePoint(-75.89349, 45.27726), 4326)::geography);
INSERT INTO route_stops (id, "routeId", "sequence", "address", lat, lng, "location") VALUES
    ('a1000000-0006-0004-0002-000000000005', 'a0000000-0006-0004-0000-000000000002', 5, 'PM Stop 5 - Sycamore Dr & Laurel Way', 45.2743, -75.89592, ST_SetSRID(ST_MakePoint(-75.89592, 45.2743), 4326)::geography);
INSERT INTO route_stops (id, "routeId", "sequence", "address", lat, lng, "location") VALUES
    ('a1000000-0006-0005-0001-000000000001', 'a0000000-0006-0005-0000-000000000001', 1, 'AM Stop 1 - Sycamore Dr & Laurel Way', 45.30946, -75.91754, ST_SetSRID(ST_MakePoint(-75.91754, 45.30946), 4326)::geography);
INSERT INTO route_stops (id, "routeId", "sequence", "address", lat, lng, "location") VALUES
    ('a1000000-0006-0005-0001-000000000002', 'a0000000-0006-0005-0000-000000000001', 2, 'AM Stop 2 - Laurel Way & Chestnut Blvd', 45.307, -75.91336, ST_SetSRID(ST_MakePoint(-75.91336, 45.307), 4326)::geography);
INSERT INTO route_stops (id, "routeId", "sequence", "address", lat, lng, "location") VALUES
    ('a1000000-0006-0005-0001-000000000003', 'a0000000-0006-0005-0000-000000000001', 3, 'AM Stop 3 - Chestnut Blvd & Magnolia Ct', 45.30125, -75.90671, ST_SetSRID(ST_MakePoint(-75.90671, 45.30125), 4326)::geography);
INSERT INTO route_stops (id, "routeId", "sequence", "address", lat, lng, "location") VALUES
    ('a1000000-0006-0005-0001-000000000004', 'a0000000-0006-0005-0000-000000000001', 4, 'AM Stop 4 - Magnolia Ct & Elm St', 45.2954, -75.89846, ST_SetSRID(ST_MakePoint(-75.89846, 45.2954), 4326)::geography);
INSERT INTO route_stops (id, "routeId", "sequence", "address", lat, lng, "location") VALUES
    ('a1000000-0006-0005-0001-000000000005', 'a0000000-0006-0005-0000-000000000001', 5, 'AM Stop 5 - Elm St & Maple Ave', 45.29526, -75.89282, ST_SetSRID(ST_MakePoint(-75.89282, 45.29526), 4326)::geography);
INSERT INTO route_stops (id, "routeId", "sequence", "address", lat, lng, "location") VALUES
    ('a1000000-0006-0005-0001-000000000006', 'a0000000-0006-0005-0000-000000000001', 6, 'AM Stop 6 - Maple Ave & Oak Dr', 45.2951, -75.8873, ST_SetSRID(ST_MakePoint(-75.8873, 45.2951), 4326)::geography);
INSERT INTO route_stops (id, "routeId", "sequence", "address", lat, lng, "location") VALUES
    ('a1000000-0006-0005-0001-000000000007', 'a0000000-0006-0005-0000-000000000001', 7, 'AM Stop 7 - Oak Dr & Pine Rd', 45.29369, -75.88254, ST_SetSRID(ST_MakePoint(-75.88254, 45.29369), 4326)::geography);
INSERT INTO route_stops (id, "routeId", "sequence", "address", lat, lng, "location") VALUES
    ('a1000000-0006-0005-0002-000000000001', 'a0000000-0006-0005-0000-000000000002', 1, 'PM Stop 1 - Sycamore Dr & Laurel Way', 45.29434, -75.88414, ST_SetSRID(ST_MakePoint(-75.88414, 45.29434), 4326)::geography);
INSERT INTO route_stops (id, "routeId", "sequence", "address", lat, lng, "location") VALUES
    ('a1000000-0006-0005-0002-000000000002', 'a0000000-0006-0005-0000-000000000002', 2, 'PM Stop 2 - Laurel Way & Chestnut Blvd', 45.29594, -75.88832, ST_SetSRID(ST_MakePoint(-75.88832, 45.29594), 4326)::geography);
INSERT INTO route_stops (id, "routeId", "sequence", "address", lat, lng, "location") VALUES
    ('a1000000-0006-0005-0002-000000000003', 'a0000000-0006-0005-0000-000000000002', 3, 'PM Stop 3 - Chestnut Blvd & Magnolia Ct', 45.29423, -75.89466, ST_SetSRID(ST_MakePoint(-75.89466, 45.29423), 4326)::geography);
INSERT INTO route_stops (id, "routeId", "sequence", "address", lat, lng, "location") VALUES
    ('a1000000-0006-0005-0002-000000000004', 'a0000000-0006-0005-0000-000000000002', 4, 'PM Stop 4 - Magnolia Ct & Elm St', 45.29697, -75.90115, ST_SetSRID(ST_MakePoint(-75.90115, 45.29697), 4326)::geography);
INSERT INTO route_stops (id, "routeId", "sequence", "address", lat, lng, "location") VALUES
    ('a1000000-0006-0005-0002-000000000005', 'a0000000-0006-0005-0000-000000000002', 5, 'PM Stop 5 - Elm St & Maple Ave', 45.30438, -75.91029, ST_SetSRID(ST_MakePoint(-75.91029, 45.30438), 4326)::geography);
INSERT INTO route_stops (id, "routeId", "sequence", "address", lat, lng, "location") VALUES
    ('a1000000-0006-0005-0002-000000000006', 'a0000000-0006-0005-0000-000000000002', 6, 'PM Stop 6 - Maple Ave & Oak Dr', 45.30916, -75.91633, ST_SetSRID(ST_MakePoint(-75.91633, 45.30916), 4326)::geography);
INSERT INTO route_stops (id, "routeId", "sequence", "address", lat, lng, "location") VALUES
    ('a1000000-0006-0005-0002-000000000007', 'a0000000-0006-0005-0000-000000000002', 7, 'PM Stop 7 - Oak Dr & Pine Rd', 45.30997, -75.9199, ST_SetSRID(ST_MakePoint(-75.9199, 45.30997), 4326)::geography);

-- ===================== Parents =====================
INSERT INTO users (id, email, "passwordHash", role, "firstName", "lastName", "childRouteIds", "schoolId", "boardId") VALUES
    ('30000000-0000-0001-0000-000000000001', 'parent1.stbern@sbtm.demo', crypt('Admin123!', gen_salt('bf')), 'PARENT', 'Michael', 'Anderson', 'a0000000-0001-0001-0000-000000000001,a0000000-0001-0001-0000-000000000002', '30000000-0000-0000-0001-000000000001', 'b1a2b3c4-d5e6-4f7a-8b9c-1d2e3f4a5b6c');
INSERT INTO users (id, email, "passwordHash", role, "firstName", "lastName", "childRouteIds", "schoolId", "boardId") VALUES
    ('30000000-0000-0001-0000-000000000002', 'parent2.stbern@sbtm.demo', crypt('Admin123!', gen_salt('bf')), 'PARENT', 'Jessica', 'Thomas', 'a0000000-0001-0001-0000-000000000001,a0000000-0001-0001-0000-000000000002,a0000000-0001-0002-0000-000000000001,a0000000-0001-0002-0000-000000000002', '30000000-0000-0000-0001-000000000001', 'b1a2b3c4-d5e6-4f7a-8b9c-1d2e3f4a5b6c');
INSERT INTO users (id, email, "passwordHash", role, "firstName", "lastName", "childRouteIds", "schoolId", "boardId") VALUES
    ('30000000-0000-0001-0000-000000000003', 'parent3.stbern@sbtm.demo', crypt('Admin123!', gen_salt('bf')), 'PARENT', 'Robert', 'Jackson', 'a0000000-0001-0002-0000-000000000001,a0000000-0001-0002-0000-000000000002', '30000000-0000-0000-0001-000000000001', 'b1a2b3c4-d5e6-4f7a-8b9c-1d2e3f4a5b6c');
INSERT INTO users (id, email, "passwordHash", role, "firstName", "lastName", "childRouteIds", "schoolId", "boardId") VALUES
    ('30000000-0000-0001-0000-000000000004', 'parent4.stbern@sbtm.demo', crypt('Admin123!', gen_salt('bf')), 'PARENT', 'Amanda', 'White', 'a0000000-0001-0003-0000-000000000001,a0000000-0001-0003-0000-000000000002', '30000000-0000-0000-0001-000000000001', 'b1a2b3c4-d5e6-4f7a-8b9c-1d2e3f4a5b6c');
INSERT INTO users (id, email, "passwordHash", role, "firstName", "lastName", "childRouteIds", "schoolId", "boardId") VALUES
    ('30000000-0000-0001-0000-000000000005', 'parent5.stbern@sbtm.demo', crypt('Admin123!', gen_salt('bf')), 'PARENT', 'Daniel', 'Harris', 'a0000000-0001-0003-0000-000000000001,a0000000-0001-0003-0000-000000000002,a0000000-0001-0004-0000-000000000001,a0000000-0001-0004-0000-000000000002', '30000000-0000-0000-0001-000000000001', 'b1a2b3c4-d5e6-4f7a-8b9c-1d2e3f4a5b6c');
INSERT INTO users (id, email, "passwordHash", role, "firstName", "lastName", "childRouteIds", "schoolId", "boardId") VALUES
    ('30000000-0000-0001-0000-000000000006', 'parent6.stbern@sbtm.demo', crypt('Admin123!', gen_salt('bf')), 'PARENT', 'Laura', 'Martin', 'a0000000-0001-0004-0000-000000000001,a0000000-0001-0004-0000-000000000002', '30000000-0000-0000-0001-000000000001', 'b1a2b3c4-d5e6-4f7a-8b9c-1d2e3f4a5b6c');
INSERT INTO users (id, email, "passwordHash", role, "firstName", "lastName", "childRouteIds", "schoolId", "boardId") VALUES
    ('30000000-0000-0001-0000-000000000007', 'parent7.stbern@sbtm.demo', crypt('Admin123!', gen_salt('bf')), 'PARENT', 'Christopher', 'Thompson', 'a0000000-0001-0004-0000-000000000001,a0000000-0001-0004-0000-000000000002', '30000000-0000-0000-0001-000000000001', 'b1a2b3c4-d5e6-4f7a-8b9c-1d2e3f4a5b6c');
INSERT INTO users (id, email, "passwordHash", role, "firstName", "lastName", "childRouteIds", "schoolId", "boardId") VALUES
    ('30000000-0000-0001-0000-000000000008', 'parent8.stbern@sbtm.demo', crypt('Admin123!', gen_salt('bf')), 'PARENT', 'Emily', 'Garcia', 'a0000000-0001-0005-0000-000000000001,a0000000-0001-0005-0000-000000000002', '30000000-0000-0000-0001-000000000001', 'b1a2b3c4-d5e6-4f7a-8b9c-1d2e3f4a5b6c');
INSERT INTO users (id, email, "passwordHash", role, "firstName", "lastName", "childRouteIds", "schoolId", "boardId") VALUES
    ('30000000-0000-0001-0000-000000000009', 'parent9.stbern@sbtm.demo', crypt('Admin123!', gen_salt('bf')), 'PARENT', 'Matthew', 'Martinez', 'a0000000-0001-0005-0000-000000000001,a0000000-0001-0005-0000-000000000002', '30000000-0000-0000-0001-000000000001', 'b1a2b3c4-d5e6-4f7a-8b9c-1d2e3f4a5b6c');
INSERT INTO users (id, email, "passwordHash", role, "firstName", "lastName", "childRouteIds", "schoolId", "boardId") VALUES
    ('30000000-0000-0001-0000-000000000010', 'parent10.stbern@sbtm.demo', crypt('Admin123!', gen_salt('bf')), 'PARENT', 'Stephanie', 'Robinson', 'a0000000-0001-0005-0000-000000000001,a0000000-0001-0005-0000-000000000002', '30000000-0000-0000-0001-000000000001', 'b1a2b3c4-d5e6-4f7a-8b9c-1d2e3f4a5b6c');
INSERT INTO users (id, email, "passwordHash", role, "firstName", "lastName", "childRouteIds", "schoolId", "boardId") VALUES
    ('30000000-0000-0002-0000-000000000001', 'parent1.allsnt@sbtm.demo', crypt('Admin123!', gen_salt('bf')), 'PARENT', 'Michael', 'Anderson', 'a0000000-0002-0001-0000-000000000001,a0000000-0002-0001-0000-000000000002', '30000000-0000-0000-0002-000000000001', 'b1a2b3c4-d5e6-4f7a-8b9c-1d2e3f4a5b6c');
INSERT INTO users (id, email, "passwordHash", role, "firstName", "lastName", "childRouteIds", "schoolId", "boardId") VALUES
    ('30000000-0000-0002-0000-000000000002', 'parent2.allsnt@sbtm.demo', crypt('Admin123!', gen_salt('bf')), 'PARENT', 'Jessica', 'Thomas', 'a0000000-0002-0001-0000-000000000001,a0000000-0002-0001-0000-000000000002,a0000000-0002-0002-0000-000000000001,a0000000-0002-0002-0000-000000000002', '30000000-0000-0000-0002-000000000001', 'b1a2b3c4-d5e6-4f7a-8b9c-1d2e3f4a5b6c');
INSERT INTO users (id, email, "passwordHash", role, "firstName", "lastName", "childRouteIds", "schoolId", "boardId") VALUES
    ('30000000-0000-0002-0000-000000000003', 'parent3.allsnt@sbtm.demo', crypt('Admin123!', gen_salt('bf')), 'PARENT', 'Robert', 'Jackson', 'a0000000-0002-0002-0000-000000000001,a0000000-0002-0002-0000-000000000002', '30000000-0000-0000-0002-000000000001', 'b1a2b3c4-d5e6-4f7a-8b9c-1d2e3f4a5b6c');
INSERT INTO users (id, email, "passwordHash", role, "firstName", "lastName", "childRouteIds", "schoolId", "boardId") VALUES
    ('30000000-0000-0002-0000-000000000004', 'parent4.allsnt@sbtm.demo', crypt('Admin123!', gen_salt('bf')), 'PARENT', 'Amanda', 'White', 'a0000000-0002-0003-0000-000000000001,a0000000-0002-0003-0000-000000000002', '30000000-0000-0000-0002-000000000001', 'b1a2b3c4-d5e6-4f7a-8b9c-1d2e3f4a5b6c');
INSERT INTO users (id, email, "passwordHash", role, "firstName", "lastName", "childRouteIds", "schoolId", "boardId") VALUES
    ('30000000-0000-0002-0000-000000000005', 'parent5.allsnt@sbtm.demo', crypt('Admin123!', gen_salt('bf')), 'PARENT', 'Daniel', 'Harris', 'a0000000-0002-0003-0000-000000000001,a0000000-0002-0003-0000-000000000002,a0000000-0002-0004-0000-000000000001,a0000000-0002-0004-0000-000000000002', '30000000-0000-0000-0002-000000000001', 'b1a2b3c4-d5e6-4f7a-8b9c-1d2e3f4a5b6c');
INSERT INTO users (id, email, "passwordHash", role, "firstName", "lastName", "childRouteIds", "schoolId", "boardId") VALUES
    ('30000000-0000-0002-0000-000000000006', 'parent6.allsnt@sbtm.demo', crypt('Admin123!', gen_salt('bf')), 'PARENT', 'Laura', 'Martin', 'a0000000-0002-0004-0000-000000000001,a0000000-0002-0004-0000-000000000002', '30000000-0000-0000-0002-000000000001', 'b1a2b3c4-d5e6-4f7a-8b9c-1d2e3f4a5b6c');
INSERT INTO users (id, email, "passwordHash", role, "firstName", "lastName", "childRouteIds", "schoolId", "boardId") VALUES
    ('30000000-0000-0002-0000-000000000007', 'parent7.allsnt@sbtm.demo', crypt('Admin123!', gen_salt('bf')), 'PARENT', 'Christopher', 'Thompson', 'a0000000-0002-0004-0000-000000000001,a0000000-0002-0004-0000-000000000002', '30000000-0000-0000-0002-000000000001', 'b1a2b3c4-d5e6-4f7a-8b9c-1d2e3f4a5b6c');
INSERT INTO users (id, email, "passwordHash", role, "firstName", "lastName", "childRouteIds", "schoolId", "boardId") VALUES
    ('30000000-0000-0002-0000-000000000008', 'parent8.allsnt@sbtm.demo', crypt('Admin123!', gen_salt('bf')), 'PARENT', 'Emily', 'Garcia', 'a0000000-0002-0005-0000-000000000001,a0000000-0002-0005-0000-000000000002', '30000000-0000-0000-0002-000000000001', 'b1a2b3c4-d5e6-4f7a-8b9c-1d2e3f4a5b6c');
INSERT INTO users (id, email, "passwordHash", role, "firstName", "lastName", "childRouteIds", "schoolId", "boardId") VALUES
    ('30000000-0000-0002-0000-000000000009', 'parent9.allsnt@sbtm.demo', crypt('Admin123!', gen_salt('bf')), 'PARENT', 'Matthew', 'Martinez', 'a0000000-0002-0005-0000-000000000001,a0000000-0002-0005-0000-000000000002', '30000000-0000-0000-0002-000000000001', 'b1a2b3c4-d5e6-4f7a-8b9c-1d2e3f4a5b6c');
INSERT INTO users (id, email, "passwordHash", role, "firstName", "lastName", "childRouteIds", "schoolId", "boardId") VALUES
    ('30000000-0000-0002-0000-000000000010', 'parent10.allsnt@sbtm.demo', crypt('Admin123!', gen_salt('bf')), 'PARENT', 'Stephanie', 'Robinson', 'a0000000-0002-0005-0000-000000000001,a0000000-0002-0005-0000-000000000002', '30000000-0000-0000-0002-000000000001', 'b1a2b3c4-d5e6-4f7a-8b9c-1d2e3f4a5b6c');
INSERT INTO users (id, email, "passwordHash", role, "firstName", "lastName", "childRouteIds", "schoolId", "boardId") VALUES
    ('30000000-0000-0003-0000-000000000001', 'parent1.sacrhrt@sbtm.demo', crypt('Admin123!', gen_salt('bf')), 'PARENT', 'Michael', 'Anderson', 'a0000000-0003-0001-0000-000000000001,a0000000-0003-0001-0000-000000000002', '30000000-0000-0000-0003-000000000001', 'b1a2b3c4-d5e6-4f7a-8b9c-1d2e3f4a5b6c');
INSERT INTO users (id, email, "passwordHash", role, "firstName", "lastName", "childRouteIds", "schoolId", "boardId") VALUES
    ('30000000-0000-0003-0000-000000000002', 'parent2.sacrhrt@sbtm.demo', crypt('Admin123!', gen_salt('bf')), 'PARENT', 'Jessica', 'Thomas', 'a0000000-0003-0001-0000-000000000001,a0000000-0003-0001-0000-000000000002,a0000000-0003-0002-0000-000000000001,a0000000-0003-0002-0000-000000000002', '30000000-0000-0000-0003-000000000001', 'b1a2b3c4-d5e6-4f7a-8b9c-1d2e3f4a5b6c');
INSERT INTO users (id, email, "passwordHash", role, "firstName", "lastName", "childRouteIds", "schoolId", "boardId") VALUES
    ('30000000-0000-0003-0000-000000000003', 'parent3.sacrhrt@sbtm.demo', crypt('Admin123!', gen_salt('bf')), 'PARENT', 'Robert', 'Jackson', 'a0000000-0003-0002-0000-000000000001,a0000000-0003-0002-0000-000000000002', '30000000-0000-0000-0003-000000000001', 'b1a2b3c4-d5e6-4f7a-8b9c-1d2e3f4a5b6c');
INSERT INTO users (id, email, "passwordHash", role, "firstName", "lastName", "childRouteIds", "schoolId", "boardId") VALUES
    ('30000000-0000-0003-0000-000000000004', 'parent4.sacrhrt@sbtm.demo', crypt('Admin123!', gen_salt('bf')), 'PARENT', 'Amanda', 'White', 'a0000000-0003-0003-0000-000000000001,a0000000-0003-0003-0000-000000000002', '30000000-0000-0000-0003-000000000001', 'b1a2b3c4-d5e6-4f7a-8b9c-1d2e3f4a5b6c');
INSERT INTO users (id, email, "passwordHash", role, "firstName", "lastName", "childRouteIds", "schoolId", "boardId") VALUES
    ('30000000-0000-0003-0000-000000000005', 'parent5.sacrhrt@sbtm.demo', crypt('Admin123!', gen_salt('bf')), 'PARENT', 'Daniel', 'Harris', 'a0000000-0003-0003-0000-000000000001,a0000000-0003-0003-0000-000000000002,a0000000-0003-0004-0000-000000000001,a0000000-0003-0004-0000-000000000002', '30000000-0000-0000-0003-000000000001', 'b1a2b3c4-d5e6-4f7a-8b9c-1d2e3f4a5b6c');
INSERT INTO users (id, email, "passwordHash", role, "firstName", "lastName", "childRouteIds", "schoolId", "boardId") VALUES
    ('30000000-0000-0003-0000-000000000006', 'parent6.sacrhrt@sbtm.demo', crypt('Admin123!', gen_salt('bf')), 'PARENT', 'Laura', 'Martin', 'a0000000-0003-0004-0000-000000000001,a0000000-0003-0004-0000-000000000002', '30000000-0000-0000-0003-000000000001', 'b1a2b3c4-d5e6-4f7a-8b9c-1d2e3f4a5b6c');
INSERT INTO users (id, email, "passwordHash", role, "firstName", "lastName", "childRouteIds", "schoolId", "boardId") VALUES
    ('30000000-0000-0003-0000-000000000007', 'parent7.sacrhrt@sbtm.demo', crypt('Admin123!', gen_salt('bf')), 'PARENT', 'Christopher', 'Thompson', 'a0000000-0003-0004-0000-000000000001,a0000000-0003-0004-0000-000000000002', '30000000-0000-0000-0003-000000000001', 'b1a2b3c4-d5e6-4f7a-8b9c-1d2e3f4a5b6c');
INSERT INTO users (id, email, "passwordHash", role, "firstName", "lastName", "childRouteIds", "schoolId", "boardId") VALUES
    ('30000000-0000-0003-0000-000000000008', 'parent8.sacrhrt@sbtm.demo', crypt('Admin123!', gen_salt('bf')), 'PARENT', 'Emily', 'Garcia', 'a0000000-0003-0005-0000-000000000001,a0000000-0003-0005-0000-000000000002', '30000000-0000-0000-0003-000000000001', 'b1a2b3c4-d5e6-4f7a-8b9c-1d2e3f4a5b6c');
INSERT INTO users (id, email, "passwordHash", role, "firstName", "lastName", "childRouteIds", "schoolId", "boardId") VALUES
    ('30000000-0000-0003-0000-000000000009', 'parent9.sacrhrt@sbtm.demo', crypt('Admin123!', gen_salt('bf')), 'PARENT', 'Matthew', 'Martinez', 'a0000000-0003-0005-0000-000000000001,a0000000-0003-0005-0000-000000000002', '30000000-0000-0000-0003-000000000001', 'b1a2b3c4-d5e6-4f7a-8b9c-1d2e3f4a5b6c');
INSERT INTO users (id, email, "passwordHash", role, "firstName", "lastName", "childRouteIds", "schoolId", "boardId") VALUES
    ('30000000-0000-0003-0000-000000000010', 'parent10.sacrhrt@sbtm.demo', crypt('Admin123!', gen_salt('bf')), 'PARENT', 'Stephanie', 'Robinson', 'a0000000-0003-0005-0000-000000000001,a0000000-0003-0005-0000-000000000002', '30000000-0000-0000-0003-000000000001', 'b1a2b3c4-d5e6-4f7a-8b9c-1d2e3f4a5b6c');
INSERT INTO users (id, email, "passwordHash", role, "firstName", "lastName", "childRouteIds", "schoolId", "boardId") VALUES
    ('30000000-0000-0004-0000-000000000001', 'parent1.jyoung@sbtm.demo', crypt('Admin123!', gen_salt('bf')), 'PARENT', 'Michael', 'Anderson', 'a0000000-0004-0001-0000-000000000001,a0000000-0004-0001-0000-000000000002', '30000000-0000-0000-0004-000000000001', 'b0a1b2c3-d4e5-4f6a-8b9c-0d1e2f3a4b5c');
INSERT INTO users (id, email, "passwordHash", role, "firstName", "lastName", "childRouteIds", "schoolId", "boardId") VALUES
    ('30000000-0000-0004-0000-000000000002', 'parent2.jyoung@sbtm.demo', crypt('Admin123!', gen_salt('bf')), 'PARENT', 'Jessica', 'Thomas', 'a0000000-0004-0001-0000-000000000001,a0000000-0004-0001-0000-000000000002,a0000000-0004-0002-0000-000000000001,a0000000-0004-0002-0000-000000000002', '30000000-0000-0000-0004-000000000001', 'b0a1b2c3-d4e5-4f6a-8b9c-0d1e2f3a4b5c');
INSERT INTO users (id, email, "passwordHash", role, "firstName", "lastName", "childRouteIds", "schoolId", "boardId") VALUES
    ('30000000-0000-0004-0000-000000000003', 'parent3.jyoung@sbtm.demo', crypt('Admin123!', gen_salt('bf')), 'PARENT', 'Robert', 'Jackson', 'a0000000-0004-0002-0000-000000000001,a0000000-0004-0002-0000-000000000002', '30000000-0000-0000-0004-000000000001', 'b0a1b2c3-d4e5-4f6a-8b9c-0d1e2f3a4b5c');
INSERT INTO users (id, email, "passwordHash", role, "firstName", "lastName", "childRouteIds", "schoolId", "boardId") VALUES
    ('30000000-0000-0004-0000-000000000004', 'parent4.jyoung@sbtm.demo', crypt('Admin123!', gen_salt('bf')), 'PARENT', 'Amanda', 'White', 'a0000000-0004-0003-0000-000000000001,a0000000-0004-0003-0000-000000000002', '30000000-0000-0000-0004-000000000001', 'b0a1b2c3-d4e5-4f6a-8b9c-0d1e2f3a4b5c');
INSERT INTO users (id, email, "passwordHash", role, "firstName", "lastName", "childRouteIds", "schoolId", "boardId") VALUES
    ('30000000-0000-0004-0000-000000000005', 'parent5.jyoung@sbtm.demo', crypt('Admin123!', gen_salt('bf')), 'PARENT', 'Daniel', 'Harris', 'a0000000-0004-0003-0000-000000000001,a0000000-0004-0003-0000-000000000002,a0000000-0004-0004-0000-000000000001,a0000000-0004-0004-0000-000000000002', '30000000-0000-0000-0004-000000000001', 'b0a1b2c3-d4e5-4f6a-8b9c-0d1e2f3a4b5c');
INSERT INTO users (id, email, "passwordHash", role, "firstName", "lastName", "childRouteIds", "schoolId", "boardId") VALUES
    ('30000000-0000-0004-0000-000000000006', 'parent6.jyoung@sbtm.demo', crypt('Admin123!', gen_salt('bf')), 'PARENT', 'Laura', 'Martin', 'a0000000-0004-0004-0000-000000000001,a0000000-0004-0004-0000-000000000002', '30000000-0000-0000-0004-000000000001', 'b0a1b2c3-d4e5-4f6a-8b9c-0d1e2f3a4b5c');
INSERT INTO users (id, email, "passwordHash", role, "firstName", "lastName", "childRouteIds", "schoolId", "boardId") VALUES
    ('30000000-0000-0004-0000-000000000007', 'parent7.jyoung@sbtm.demo', crypt('Admin123!', gen_salt('bf')), 'PARENT', 'Christopher', 'Thompson', 'a0000000-0004-0004-0000-000000000001,a0000000-0004-0004-0000-000000000002', '30000000-0000-0000-0004-000000000001', 'b0a1b2c3-d4e5-4f6a-8b9c-0d1e2f3a4b5c');
INSERT INTO users (id, email, "passwordHash", role, "firstName", "lastName", "childRouteIds", "schoolId", "boardId") VALUES
    ('30000000-0000-0004-0000-000000000008', 'parent8.jyoung@sbtm.demo', crypt('Admin123!', gen_salt('bf')), 'PARENT', 'Emily', 'Garcia', 'a0000000-0004-0005-0000-000000000001,a0000000-0004-0005-0000-000000000002', '30000000-0000-0000-0004-000000000001', 'b0a1b2c3-d4e5-4f6a-8b9c-0d1e2f3a4b5c');
INSERT INTO users (id, email, "passwordHash", role, "firstName", "lastName", "childRouteIds", "schoolId", "boardId") VALUES
    ('30000000-0000-0004-0000-000000000009', 'parent9.jyoung@sbtm.demo', crypt('Admin123!', gen_salt('bf')), 'PARENT', 'Matthew', 'Martinez', 'a0000000-0004-0005-0000-000000000001,a0000000-0004-0005-0000-000000000002', '30000000-0000-0000-0004-000000000001', 'b0a1b2c3-d4e5-4f6a-8b9c-0d1e2f3a4b5c');
INSERT INTO users (id, email, "passwordHash", role, "firstName", "lastName", "childRouteIds", "schoolId", "boardId") VALUES
    ('30000000-0000-0004-0000-000000000010', 'parent10.jyoung@sbtm.demo', crypt('Admin123!', gen_salt('bf')), 'PARENT', 'Stephanie', 'Robinson', 'a0000000-0004-0005-0000-000000000001,a0000000-0004-0005-0000-000000000002', '30000000-0000-0000-0004-000000000001', 'b0a1b2c3-d4e5-4f6a-8b9c-0d1e2f3a4b5c');
INSERT INTO users (id, email, "passwordHash", role, "firstName", "lastName", "childRouteIds", "schoolId", "boardId") VALUES
    ('30000000-0000-0005-0000-000000000001', 'parent1.mplwd@sbtm.demo', crypt('Admin123!', gen_salt('bf')), 'PARENT', 'Michael', 'Anderson', 'a0000000-0005-0001-0000-000000000001,a0000000-0005-0001-0000-000000000002', '30000000-0000-0000-0005-000000000001', 'b0a1b2c3-d4e5-4f6a-8b9c-0d1e2f3a4b5c');
INSERT INTO users (id, email, "passwordHash", role, "firstName", "lastName", "childRouteIds", "schoolId", "boardId") VALUES
    ('30000000-0000-0005-0000-000000000002', 'parent2.mplwd@sbtm.demo', crypt('Admin123!', gen_salt('bf')), 'PARENT', 'Jessica', 'Thomas', 'a0000000-0005-0001-0000-000000000001,a0000000-0005-0001-0000-000000000002,a0000000-0005-0002-0000-000000000001,a0000000-0005-0002-0000-000000000002', '30000000-0000-0000-0005-000000000001', 'b0a1b2c3-d4e5-4f6a-8b9c-0d1e2f3a4b5c');
INSERT INTO users (id, email, "passwordHash", role, "firstName", "lastName", "childRouteIds", "schoolId", "boardId") VALUES
    ('30000000-0000-0005-0000-000000000003', 'parent3.mplwd@sbtm.demo', crypt('Admin123!', gen_salt('bf')), 'PARENT', 'Robert', 'Jackson', 'a0000000-0005-0002-0000-000000000001,a0000000-0005-0002-0000-000000000002', '30000000-0000-0000-0005-000000000001', 'b0a1b2c3-d4e5-4f6a-8b9c-0d1e2f3a4b5c');
INSERT INTO users (id, email, "passwordHash", role, "firstName", "lastName", "childRouteIds", "schoolId", "boardId") VALUES
    ('30000000-0000-0005-0000-000000000004', 'parent4.mplwd@sbtm.demo', crypt('Admin123!', gen_salt('bf')), 'PARENT', 'Amanda', 'White', 'a0000000-0005-0003-0000-000000000001,a0000000-0005-0003-0000-000000000002', '30000000-0000-0000-0005-000000000001', 'b0a1b2c3-d4e5-4f6a-8b9c-0d1e2f3a4b5c');
INSERT INTO users (id, email, "passwordHash", role, "firstName", "lastName", "childRouteIds", "schoolId", "boardId") VALUES
    ('30000000-0000-0005-0000-000000000005', 'parent5.mplwd@sbtm.demo', crypt('Admin123!', gen_salt('bf')), 'PARENT', 'Daniel', 'Harris', 'a0000000-0005-0003-0000-000000000001,a0000000-0005-0003-0000-000000000002,a0000000-0005-0004-0000-000000000001,a0000000-0005-0004-0000-000000000002', '30000000-0000-0000-0005-000000000001', 'b0a1b2c3-d4e5-4f6a-8b9c-0d1e2f3a4b5c');
INSERT INTO users (id, email, "passwordHash", role, "firstName", "lastName", "childRouteIds", "schoolId", "boardId") VALUES
    ('30000000-0000-0005-0000-000000000006', 'parent6.mplwd@sbtm.demo', crypt('Admin123!', gen_salt('bf')), 'PARENT', 'Laura', 'Martin', 'a0000000-0005-0004-0000-000000000001,a0000000-0005-0004-0000-000000000002', '30000000-0000-0000-0005-000000000001', 'b0a1b2c3-d4e5-4f6a-8b9c-0d1e2f3a4b5c');
INSERT INTO users (id, email, "passwordHash", role, "firstName", "lastName", "childRouteIds", "schoolId", "boardId") VALUES
    ('30000000-0000-0005-0000-000000000007', 'parent7.mplwd@sbtm.demo', crypt('Admin123!', gen_salt('bf')), 'PARENT', 'Christopher', 'Thompson', 'a0000000-0005-0004-0000-000000000001,a0000000-0005-0004-0000-000000000002', '30000000-0000-0000-0005-000000000001', 'b0a1b2c3-d4e5-4f6a-8b9c-0d1e2f3a4b5c');
INSERT INTO users (id, email, "passwordHash", role, "firstName", "lastName", "childRouteIds", "schoolId", "boardId") VALUES
    ('30000000-0000-0005-0000-000000000008', 'parent8.mplwd@sbtm.demo', crypt('Admin123!', gen_salt('bf')), 'PARENT', 'Emily', 'Garcia', 'a0000000-0005-0005-0000-000000000001,a0000000-0005-0005-0000-000000000002', '30000000-0000-0000-0005-000000000001', 'b0a1b2c3-d4e5-4f6a-8b9c-0d1e2f3a4b5c');
INSERT INTO users (id, email, "passwordHash", role, "firstName", "lastName", "childRouteIds", "schoolId", "boardId") VALUES
    ('30000000-0000-0005-0000-000000000009', 'parent9.mplwd@sbtm.demo', crypt('Admin123!', gen_salt('bf')), 'PARENT', 'Matthew', 'Martinez', 'a0000000-0005-0005-0000-000000000001,a0000000-0005-0005-0000-000000000002', '30000000-0000-0000-0005-000000000001', 'b0a1b2c3-d4e5-4f6a-8b9c-0d1e2f3a4b5c');
INSERT INTO users (id, email, "passwordHash", role, "firstName", "lastName", "childRouteIds", "schoolId", "boardId") VALUES
    ('30000000-0000-0005-0000-000000000010', 'parent10.mplwd@sbtm.demo', crypt('Admin123!', gen_salt('bf')), 'PARENT', 'Stephanie', 'Robinson', 'a0000000-0005-0005-0000-000000000001,a0000000-0005-0005-0000-000000000002', '30000000-0000-0000-0005-000000000001', 'b0a1b2c3-d4e5-4f6a-8b9c-0d1e2f3a4b5c');
INSERT INTO users (id, email, "passwordHash", role, "firstName", "lastName", "childRouteIds", "schoolId", "boardId") VALUES
    ('30000000-0000-0006-0000-000000000001', 'parent1.ayjack@sbtm.demo', crypt('Admin123!', gen_salt('bf')), 'PARENT', 'Michael', 'Anderson', 'a0000000-0006-0001-0000-000000000001,a0000000-0006-0001-0000-000000000002', '30000000-0000-0000-0006-000000000001', 'b0a1b2c3-d4e5-4f6a-8b9c-0d1e2f3a4b5c');
INSERT INTO users (id, email, "passwordHash", role, "firstName", "lastName", "childRouteIds", "schoolId", "boardId") VALUES
    ('30000000-0000-0006-0000-000000000002', 'parent2.ayjack@sbtm.demo', crypt('Admin123!', gen_salt('bf')), 'PARENT', 'Jessica', 'Thomas', 'a0000000-0006-0001-0000-000000000001,a0000000-0006-0001-0000-000000000002,a0000000-0006-0002-0000-000000000001,a0000000-0006-0002-0000-000000000002', '30000000-0000-0000-0006-000000000001', 'b0a1b2c3-d4e5-4f6a-8b9c-0d1e2f3a4b5c');
INSERT INTO users (id, email, "passwordHash", role, "firstName", "lastName", "childRouteIds", "schoolId", "boardId") VALUES
    ('30000000-0000-0006-0000-000000000003', 'parent3.ayjack@sbtm.demo', crypt('Admin123!', gen_salt('bf')), 'PARENT', 'Robert', 'Jackson', 'a0000000-0006-0002-0000-000000000001,a0000000-0006-0002-0000-000000000002', '30000000-0000-0000-0006-000000000001', 'b0a1b2c3-d4e5-4f6a-8b9c-0d1e2f3a4b5c');
INSERT INTO users (id, email, "passwordHash", role, "firstName", "lastName", "childRouteIds", "schoolId", "boardId") VALUES
    ('30000000-0000-0006-0000-000000000004', 'parent4.ayjack@sbtm.demo', crypt('Admin123!', gen_salt('bf')), 'PARENT', 'Amanda', 'White', 'a0000000-0006-0003-0000-000000000001,a0000000-0006-0003-0000-000000000002', '30000000-0000-0000-0006-000000000001', 'b0a1b2c3-d4e5-4f6a-8b9c-0d1e2f3a4b5c');
INSERT INTO users (id, email, "passwordHash", role, "firstName", "lastName", "childRouteIds", "schoolId", "boardId") VALUES
    ('30000000-0000-0006-0000-000000000005', 'parent5.ayjack@sbtm.demo', crypt('Admin123!', gen_salt('bf')), 'PARENT', 'Daniel', 'Harris', 'a0000000-0006-0003-0000-000000000001,a0000000-0006-0003-0000-000000000002,a0000000-0006-0004-0000-000000000001,a0000000-0006-0004-0000-000000000002', '30000000-0000-0000-0006-000000000001', 'b0a1b2c3-d4e5-4f6a-8b9c-0d1e2f3a4b5c');
INSERT INTO users (id, email, "passwordHash", role, "firstName", "lastName", "childRouteIds", "schoolId", "boardId") VALUES
    ('30000000-0000-0006-0000-000000000006', 'parent6.ayjack@sbtm.demo', crypt('Admin123!', gen_salt('bf')), 'PARENT', 'Laura', 'Martin', 'a0000000-0006-0004-0000-000000000001,a0000000-0006-0004-0000-000000000002', '30000000-0000-0000-0006-000000000001', 'b0a1b2c3-d4e5-4f6a-8b9c-0d1e2f3a4b5c');
INSERT INTO users (id, email, "passwordHash", role, "firstName", "lastName", "childRouteIds", "schoolId", "boardId") VALUES
    ('30000000-0000-0006-0000-000000000007', 'parent7.ayjack@sbtm.demo', crypt('Admin123!', gen_salt('bf')), 'PARENT', 'Christopher', 'Thompson', 'a0000000-0006-0004-0000-000000000001,a0000000-0006-0004-0000-000000000002', '30000000-0000-0000-0006-000000000001', 'b0a1b2c3-d4e5-4f6a-8b9c-0d1e2f3a4b5c');
INSERT INTO users (id, email, "passwordHash", role, "firstName", "lastName", "childRouteIds", "schoolId", "boardId") VALUES
    ('30000000-0000-0006-0000-000000000008', 'parent8.ayjack@sbtm.demo', crypt('Admin123!', gen_salt('bf')), 'PARENT', 'Emily', 'Garcia', 'a0000000-0006-0005-0000-000000000001,a0000000-0006-0005-0000-000000000002', '30000000-0000-0000-0006-000000000001', 'b0a1b2c3-d4e5-4f6a-8b9c-0d1e2f3a4b5c');
INSERT INTO users (id, email, "passwordHash", role, "firstName", "lastName", "childRouteIds", "schoolId", "boardId") VALUES
    ('30000000-0000-0006-0000-000000000009', 'parent9.ayjack@sbtm.demo', crypt('Admin123!', gen_salt('bf')), 'PARENT', 'Matthew', 'Martinez', 'a0000000-0006-0005-0000-000000000001,a0000000-0006-0005-0000-000000000002', '30000000-0000-0000-0006-000000000001', 'b0a1b2c3-d4e5-4f6a-8b9c-0d1e2f3a4b5c');
INSERT INTO users (id, email, "passwordHash", role, "firstName", "lastName", "childRouteIds", "schoolId", "boardId") VALUES
    ('30000000-0000-0006-0000-000000000010', 'parent10.ayjack@sbtm.demo', crypt('Admin123!', gen_salt('bf')), 'PARENT', 'Stephanie', 'Robinson', 'a0000000-0006-0005-0000-000000000001,a0000000-0006-0005-0000-000000000002', '30000000-0000-0000-0006-000000000001', 'b0a1b2c3-d4e5-4f6a-8b9c-0d1e2f3a4b5c');

-- ===================== Students =====================
INSERT INTO students (id, first_name, last_name, grade, school_id, parent_user_id, am_route_id, pm_route_id, am_stop_id, pm_stop_id, external_student_id) VALUES
    ('30000000-0000-0001-0000-000000000001', 'Liam', 'Anderson', '1', '30000000-0000-0000-0001-000000000001', '30000000-0000-0001-0000-000000000001', 'a0000000-0001-0001-0000-000000000001', 'a0000000-0001-0001-0000-000000000002', 'a1000000-0001-0001-0001-000000000001', 'a1000000-0001-0001-0002-000000000001', '30000000-0000-0001-0000-000000000001');
INSERT INTO students (id, first_name, last_name, grade, school_id, parent_user_id, am_route_id, pm_route_id, am_stop_id, pm_stop_id, external_student_id) VALUES
    ('30000000-0000-0001-0000-000000000002', 'Olivia', 'Thomas', '2', '30000000-0000-0000-0001-000000000001', '30000000-0000-0001-0000-000000000001', 'a0000000-0001-0001-0000-000000000001', 'a0000000-0001-0001-0000-000000000002', 'a1000000-0001-0001-0001-000000000001', 'a1000000-0001-0001-0002-000000000001', '30000000-0000-0001-0000-000000000002');
INSERT INTO students (id, first_name, last_name, grade, school_id, parent_user_id, am_route_id, pm_route_id, am_stop_id, pm_stop_id, external_student_id) VALUES
    ('30000000-0000-0001-0000-000000000003', 'Noah', 'Jackson', '3', '30000000-0000-0000-0001-000000000001', '30000000-0000-0001-0000-000000000002', 'a0000000-0001-0001-0000-000000000001', 'a0000000-0001-0001-0000-000000000002', 'a1000000-0001-0001-0001-000000000003', 'a1000000-0001-0001-0002-000000000003', '30000000-0000-0001-0000-000000000003');
INSERT INTO students (id, first_name, last_name, grade, school_id, parent_user_id, am_route_id, pm_route_id, am_stop_id, pm_stop_id, external_student_id) VALUES
    ('30000000-0000-0001-0000-000000000004', 'Emma', 'White', '4', '30000000-0000-0000-0001-000000000001', '30000000-0000-0001-0000-000000000002', 'a0000000-0001-0002-0000-000000000001', 'a0000000-0001-0002-0000-000000000002', 'a1000000-0001-0002-0001-000000000001', 'a1000000-0001-0002-0002-000000000001', '30000000-0000-0001-0000-000000000004');
INSERT INTO students (id, first_name, last_name, grade, school_id, parent_user_id, am_route_id, pm_route_id, am_stop_id, pm_stop_id, external_student_id) VALUES
    ('30000000-0000-0001-0000-000000000005', 'James', 'Harris', '5', '30000000-0000-0000-0001-000000000001', '30000000-0000-0001-0000-000000000003', 'a0000000-0001-0002-0000-000000000001', 'a0000000-0001-0002-0000-000000000002', 'a1000000-0001-0002-0001-000000000002', 'a1000000-0001-0002-0002-000000000002', '30000000-0000-0001-0000-000000000005');
INSERT INTO students (id, first_name, last_name, grade, school_id, parent_user_id, am_route_id, pm_route_id, am_stop_id, pm_stop_id, external_student_id) VALUES
    ('30000000-0000-0001-0000-000000000006', 'Ava', 'Martin', '6', '30000000-0000-0000-0001-000000000001', '30000000-0000-0001-0000-000000000003', 'a0000000-0001-0002-0000-000000000001', 'a0000000-0001-0002-0000-000000000002', 'a1000000-0001-0002-0001-000000000002', 'a1000000-0001-0002-0002-000000000002', '30000000-0000-0001-0000-000000000006');
INSERT INTO students (id, first_name, last_name, grade, school_id, parent_user_id, am_route_id, pm_route_id, am_stop_id, pm_stop_id, external_student_id) VALUES
    ('30000000-0000-0001-0000-000000000007', 'Benjamin', 'Thompson', '1', '30000000-0000-0000-0001-000000000001', '30000000-0000-0001-0000-000000000004', 'a0000000-0001-0003-0000-000000000001', 'a0000000-0001-0003-0000-000000000002', 'a1000000-0001-0003-0001-000000000001', 'a1000000-0001-0003-0002-000000000001', '30000000-0000-0001-0000-000000000007');
INSERT INTO students (id, first_name, last_name, grade, school_id, parent_user_id, am_route_id, pm_route_id, am_stop_id, pm_stop_id, external_student_id) VALUES
    ('30000000-0000-0001-0000-000000000008', 'Sophia', 'Garcia', '2', '30000000-0000-0000-0001-000000000001', '30000000-0000-0001-0000-000000000004', 'a0000000-0001-0003-0000-000000000001', 'a0000000-0001-0003-0000-000000000002', 'a1000000-0001-0003-0001-000000000001', 'a1000000-0001-0003-0002-000000000001', '30000000-0000-0001-0000-000000000008');
INSERT INTO students (id, first_name, last_name, grade, school_id, parent_user_id, am_route_id, pm_route_id, am_stop_id, pm_stop_id, external_student_id) VALUES
    ('30000000-0000-0001-0000-000000000009', 'Lucas', 'Martinez', '3', '30000000-0000-0000-0001-000000000001', '30000000-0000-0001-0000-000000000005', 'a0000000-0001-0003-0000-000000000001', 'a0000000-0001-0003-0000-000000000002', 'a1000000-0001-0003-0001-000000000003', 'a1000000-0001-0003-0002-000000000003', '30000000-0000-0001-0000-000000000009');
INSERT INTO students (id, first_name, last_name, grade, school_id, parent_user_id, am_route_id, pm_route_id, am_stop_id, pm_stop_id, external_student_id) VALUES
    ('30000000-0000-0001-0000-000000000010', 'Isabella', 'Robinson', '4', '30000000-0000-0000-0001-000000000001', '30000000-0000-0001-0000-000000000005', 'a0000000-0001-0004-0000-000000000001', 'a0000000-0001-0004-0000-000000000002', 'a1000000-0001-0004-0001-000000000001', 'a1000000-0001-0004-0002-000000000001', '30000000-0000-0001-0000-000000000010');
INSERT INTO students (id, first_name, last_name, grade, school_id, parent_user_id, am_route_id, pm_route_id, am_stop_id, pm_stop_id, external_student_id) VALUES
    ('30000000-0000-0001-0000-000000000011', 'Henry', 'Clark', '5', '30000000-0000-0000-0001-000000000001', '30000000-0000-0001-0000-000000000006', 'a0000000-0001-0004-0000-000000000001', 'a0000000-0001-0004-0000-000000000002', 'a1000000-0001-0004-0001-000000000002', 'a1000000-0001-0004-0002-000000000002', '30000000-0000-0001-0000-000000000011');
INSERT INTO students (id, first_name, last_name, grade, school_id, parent_user_id, am_route_id, pm_route_id, am_stop_id, pm_stop_id, external_student_id) VALUES
    ('30000000-0000-0001-0000-000000000012', 'Mia', 'Rodriguez', '6', '30000000-0000-0000-0001-000000000001', '30000000-0000-0001-0000-000000000007', 'a0000000-0001-0004-0000-000000000001', 'a0000000-0001-0004-0000-000000000002', 'a1000000-0001-0004-0001-000000000003', 'a1000000-0001-0004-0002-000000000003', '30000000-0000-0001-0000-000000000012');
INSERT INTO students (id, first_name, last_name, grade, school_id, parent_user_id, am_route_id, pm_route_id, am_stop_id, pm_stop_id, external_student_id) VALUES
    ('30000000-0000-0001-0000-000000000013', 'Alexander', 'Lewis', '1', '30000000-0000-0000-0001-000000000001', '30000000-0000-0001-0000-000000000008', 'a0000000-0001-0005-0000-000000000001', 'a0000000-0001-0005-0000-000000000002', 'a1000000-0001-0005-0001-000000000001', 'a1000000-0001-0005-0002-000000000001', '30000000-0000-0001-0000-000000000013');
INSERT INTO students (id, first_name, last_name, grade, school_id, parent_user_id, am_route_id, pm_route_id, am_stop_id, pm_stop_id, external_student_id) VALUES
    ('30000000-0000-0001-0000-000000000014', 'Charlotte', 'Lee', '2', '30000000-0000-0000-0001-000000000001', '30000000-0000-0001-0000-000000000009', 'a0000000-0001-0005-0000-000000000001', 'a0000000-0001-0005-0000-000000000002', 'a1000000-0001-0005-0001-000000000002', 'a1000000-0001-0005-0002-000000000002', '30000000-0000-0001-0000-000000000014');
INSERT INTO students (id, first_name, last_name, grade, school_id, parent_user_id, am_route_id, pm_route_id, am_stop_id, pm_stop_id, external_student_id) VALUES
    ('30000000-0000-0001-0000-000000000015', 'William', 'Walker', '3', '30000000-0000-0000-0001-000000000001', '30000000-0000-0001-0000-000000000010', 'a0000000-0001-0005-0000-000000000001', 'a0000000-0001-0005-0000-000000000002', 'a1000000-0001-0005-0001-000000000003', 'a1000000-0001-0005-0002-000000000003', '30000000-0000-0001-0000-000000000015');
INSERT INTO students (id, first_name, last_name, grade, school_id, parent_user_id, am_route_id, pm_route_id, am_stop_id, pm_stop_id, external_student_id) VALUES
    ('30000000-0000-0002-0000-000000000001', 'Liam', 'Anderson', '7', '30000000-0000-0000-0002-000000000001', '30000000-0000-0002-0000-000000000001', 'a0000000-0002-0001-0000-000000000001', 'a0000000-0002-0001-0000-000000000002', 'a1000000-0002-0001-0001-000000000001', 'a1000000-0002-0001-0002-000000000001', '30000000-0000-0002-0000-000000000001');
INSERT INTO students (id, first_name, last_name, grade, school_id, parent_user_id, am_route_id, pm_route_id, am_stop_id, pm_stop_id, external_student_id) VALUES
    ('30000000-0000-0002-0000-000000000002', 'Olivia', 'Thomas', '8', '30000000-0000-0000-0002-000000000001', '30000000-0000-0002-0000-000000000001', 'a0000000-0002-0001-0000-000000000001', 'a0000000-0002-0001-0000-000000000002', 'a1000000-0002-0001-0001-000000000001', 'a1000000-0002-0001-0002-000000000001', '30000000-0000-0002-0000-000000000002');
INSERT INTO students (id, first_name, last_name, grade, school_id, parent_user_id, am_route_id, pm_route_id, am_stop_id, pm_stop_id, external_student_id) VALUES
    ('30000000-0000-0002-0000-000000000003', 'Noah', 'Jackson', '9', '30000000-0000-0000-0002-000000000001', '30000000-0000-0002-0000-000000000002', 'a0000000-0002-0001-0000-000000000001', 'a0000000-0002-0001-0000-000000000002', 'a1000000-0002-0001-0001-000000000003', 'a1000000-0002-0001-0002-000000000003', '30000000-0000-0002-0000-000000000003');
INSERT INTO students (id, first_name, last_name, grade, school_id, parent_user_id, am_route_id, pm_route_id, am_stop_id, pm_stop_id, external_student_id) VALUES
    ('30000000-0000-0002-0000-000000000004', 'Emma', 'White', '10', '30000000-0000-0000-0002-000000000001', '30000000-0000-0002-0000-000000000002', 'a0000000-0002-0002-0000-000000000001', 'a0000000-0002-0002-0000-000000000002', 'a1000000-0002-0002-0001-000000000001', 'a1000000-0002-0002-0002-000000000001', '30000000-0000-0002-0000-000000000004');
INSERT INTO students (id, first_name, last_name, grade, school_id, parent_user_id, am_route_id, pm_route_id, am_stop_id, pm_stop_id, external_student_id) VALUES
    ('30000000-0000-0002-0000-000000000005', 'James', 'Harris', '11', '30000000-0000-0000-0002-000000000001', '30000000-0000-0002-0000-000000000003', 'a0000000-0002-0002-0000-000000000001', 'a0000000-0002-0002-0000-000000000002', 'a1000000-0002-0002-0001-000000000002', 'a1000000-0002-0002-0002-000000000002', '30000000-0000-0002-0000-000000000005');
INSERT INTO students (id, first_name, last_name, grade, school_id, parent_user_id, am_route_id, pm_route_id, am_stop_id, pm_stop_id, external_student_id) VALUES
    ('30000000-0000-0002-0000-000000000006', 'Ava', 'Martin', '12', '30000000-0000-0000-0002-000000000001', '30000000-0000-0002-0000-000000000003', 'a0000000-0002-0002-0000-000000000001', 'a0000000-0002-0002-0000-000000000002', 'a1000000-0002-0002-0001-000000000002', 'a1000000-0002-0002-0002-000000000002', '30000000-0000-0002-0000-000000000006');
INSERT INTO students (id, first_name, last_name, grade, school_id, parent_user_id, am_route_id, pm_route_id, am_stop_id, pm_stop_id, external_student_id) VALUES
    ('30000000-0000-0002-0000-000000000007', 'Benjamin', 'Thompson', '7', '30000000-0000-0000-0002-000000000001', '30000000-0000-0002-0000-000000000004', 'a0000000-0002-0003-0000-000000000001', 'a0000000-0002-0003-0000-000000000002', 'a1000000-0002-0003-0001-000000000001', 'a1000000-0002-0003-0002-000000000001', '30000000-0000-0002-0000-000000000007');
INSERT INTO students (id, first_name, last_name, grade, school_id, parent_user_id, am_route_id, pm_route_id, am_stop_id, pm_stop_id, external_student_id) VALUES
    ('30000000-0000-0002-0000-000000000008', 'Sophia', 'Garcia', '8', '30000000-0000-0000-0002-000000000001', '30000000-0000-0002-0000-000000000004', 'a0000000-0002-0003-0000-000000000001', 'a0000000-0002-0003-0000-000000000002', 'a1000000-0002-0003-0001-000000000001', 'a1000000-0002-0003-0002-000000000001', '30000000-0000-0002-0000-000000000008');
INSERT INTO students (id, first_name, last_name, grade, school_id, parent_user_id, am_route_id, pm_route_id, am_stop_id, pm_stop_id, external_student_id) VALUES
    ('30000000-0000-0002-0000-000000000009', 'Lucas', 'Martinez', '9', '30000000-0000-0000-0002-000000000001', '30000000-0000-0002-0000-000000000005', 'a0000000-0002-0003-0000-000000000001', 'a0000000-0002-0003-0000-000000000002', 'a1000000-0002-0003-0001-000000000003', 'a1000000-0002-0003-0002-000000000003', '30000000-0000-0002-0000-000000000009');
INSERT INTO students (id, first_name, last_name, grade, school_id, parent_user_id, am_route_id, pm_route_id, am_stop_id, pm_stop_id, external_student_id) VALUES
    ('30000000-0000-0002-0000-000000000010', 'Isabella', 'Robinson', '10', '30000000-0000-0000-0002-000000000001', '30000000-0000-0002-0000-000000000005', 'a0000000-0002-0004-0000-000000000001', 'a0000000-0002-0004-0000-000000000002', 'a1000000-0002-0004-0001-000000000001', 'a1000000-0002-0004-0002-000000000001', '30000000-0000-0002-0000-000000000010');
INSERT INTO students (id, first_name, last_name, grade, school_id, parent_user_id, am_route_id, pm_route_id, am_stop_id, pm_stop_id, external_student_id) VALUES
    ('30000000-0000-0002-0000-000000000011', 'Henry', 'Clark', '11', '30000000-0000-0000-0002-000000000001', '30000000-0000-0002-0000-000000000006', 'a0000000-0002-0004-0000-000000000001', 'a0000000-0002-0004-0000-000000000002', 'a1000000-0002-0004-0001-000000000002', 'a1000000-0002-0004-0002-000000000002', '30000000-0000-0002-0000-000000000011');
INSERT INTO students (id, first_name, last_name, grade, school_id, parent_user_id, am_route_id, pm_route_id, am_stop_id, pm_stop_id, external_student_id) VALUES
    ('30000000-0000-0002-0000-000000000012', 'Mia', 'Rodriguez', '12', '30000000-0000-0000-0002-000000000001', '30000000-0000-0002-0000-000000000007', 'a0000000-0002-0004-0000-000000000001', 'a0000000-0002-0004-0000-000000000002', 'a1000000-0002-0004-0001-000000000003', 'a1000000-0002-0004-0002-000000000003', '30000000-0000-0002-0000-000000000012');
INSERT INTO students (id, first_name, last_name, grade, school_id, parent_user_id, am_route_id, pm_route_id, am_stop_id, pm_stop_id, external_student_id) VALUES
    ('30000000-0000-0002-0000-000000000013', 'Alexander', 'Lewis', '7', '30000000-0000-0000-0002-000000000001', '30000000-0000-0002-0000-000000000008', 'a0000000-0002-0005-0000-000000000001', 'a0000000-0002-0005-0000-000000000002', 'a1000000-0002-0005-0001-000000000001', 'a1000000-0002-0005-0002-000000000001', '30000000-0000-0002-0000-000000000013');
INSERT INTO students (id, first_name, last_name, grade, school_id, parent_user_id, am_route_id, pm_route_id, am_stop_id, pm_stop_id, external_student_id) VALUES
    ('30000000-0000-0002-0000-000000000014', 'Charlotte', 'Lee', '8', '30000000-0000-0000-0002-000000000001', '30000000-0000-0002-0000-000000000009', 'a0000000-0002-0005-0000-000000000001', 'a0000000-0002-0005-0000-000000000002', 'a1000000-0002-0005-0001-000000000002', 'a1000000-0002-0005-0002-000000000002', '30000000-0000-0002-0000-000000000014');
INSERT INTO students (id, first_name, last_name, grade, school_id, parent_user_id, am_route_id, pm_route_id, am_stop_id, pm_stop_id, external_student_id) VALUES
    ('30000000-0000-0002-0000-000000000015', 'William', 'Walker', '9', '30000000-0000-0000-0002-000000000001', '30000000-0000-0002-0000-000000000010', 'a0000000-0002-0005-0000-000000000001', 'a0000000-0002-0005-0000-000000000002', 'a1000000-0002-0005-0001-000000000003', 'a1000000-0002-0005-0002-000000000003', '30000000-0000-0002-0000-000000000015');
INSERT INTO students (id, first_name, last_name, grade, school_id, parent_user_id, am_route_id, pm_route_id, am_stop_id, pm_stop_id, external_student_id) VALUES
    ('30000000-0000-0003-0000-000000000001', 'Liam', 'Anderson', '7', '30000000-0000-0000-0003-000000000001', '30000000-0000-0003-0000-000000000001', 'a0000000-0003-0001-0000-000000000001', 'a0000000-0003-0001-0000-000000000002', 'a1000000-0003-0001-0001-000000000001', 'a1000000-0003-0001-0002-000000000001', '30000000-0000-0003-0000-000000000001');
INSERT INTO students (id, first_name, last_name, grade, school_id, parent_user_id, am_route_id, pm_route_id, am_stop_id, pm_stop_id, external_student_id) VALUES
    ('30000000-0000-0003-0000-000000000002', 'Olivia', 'Thomas', '8', '30000000-0000-0000-0003-000000000001', '30000000-0000-0003-0000-000000000001', 'a0000000-0003-0001-0000-000000000001', 'a0000000-0003-0001-0000-000000000002', 'a1000000-0003-0001-0001-000000000001', 'a1000000-0003-0001-0002-000000000001', '30000000-0000-0003-0000-000000000002');
INSERT INTO students (id, first_name, last_name, grade, school_id, parent_user_id, am_route_id, pm_route_id, am_stop_id, pm_stop_id, external_student_id) VALUES
    ('30000000-0000-0003-0000-000000000003', 'Noah', 'Jackson', '9', '30000000-0000-0000-0003-000000000001', '30000000-0000-0003-0000-000000000002', 'a0000000-0003-0001-0000-000000000001', 'a0000000-0003-0001-0000-000000000002', 'a1000000-0003-0001-0001-000000000003', 'a1000000-0003-0001-0002-000000000003', '30000000-0000-0003-0000-000000000003');
INSERT INTO students (id, first_name, last_name, grade, school_id, parent_user_id, am_route_id, pm_route_id, am_stop_id, pm_stop_id, external_student_id) VALUES
    ('30000000-0000-0003-0000-000000000004', 'Emma', 'White', '10', '30000000-0000-0000-0003-000000000001', '30000000-0000-0003-0000-000000000002', 'a0000000-0003-0002-0000-000000000001', 'a0000000-0003-0002-0000-000000000002', 'a1000000-0003-0002-0001-000000000001', 'a1000000-0003-0002-0002-000000000001', '30000000-0000-0003-0000-000000000004');
INSERT INTO students (id, first_name, last_name, grade, school_id, parent_user_id, am_route_id, pm_route_id, am_stop_id, pm_stop_id, external_student_id) VALUES
    ('30000000-0000-0003-0000-000000000005', 'James', 'Harris', '11', '30000000-0000-0000-0003-000000000001', '30000000-0000-0003-0000-000000000003', 'a0000000-0003-0002-0000-000000000001', 'a0000000-0003-0002-0000-000000000002', 'a1000000-0003-0002-0001-000000000002', 'a1000000-0003-0002-0002-000000000002', '30000000-0000-0003-0000-000000000005');
INSERT INTO students (id, first_name, last_name, grade, school_id, parent_user_id, am_route_id, pm_route_id, am_stop_id, pm_stop_id, external_student_id) VALUES
    ('30000000-0000-0003-0000-000000000006', 'Ava', 'Martin', '12', '30000000-0000-0000-0003-000000000001', '30000000-0000-0003-0000-000000000003', 'a0000000-0003-0002-0000-000000000001', 'a0000000-0003-0002-0000-000000000002', 'a1000000-0003-0002-0001-000000000002', 'a1000000-0003-0002-0002-000000000002', '30000000-0000-0003-0000-000000000006');
INSERT INTO students (id, first_name, last_name, grade, school_id, parent_user_id, am_route_id, pm_route_id, am_stop_id, pm_stop_id, external_student_id) VALUES
    ('30000000-0000-0003-0000-000000000007', 'Benjamin', 'Thompson', '7', '30000000-0000-0000-0003-000000000001', '30000000-0000-0003-0000-000000000004', 'a0000000-0003-0003-0000-000000000001', 'a0000000-0003-0003-0000-000000000002', 'a1000000-0003-0003-0001-000000000001', 'a1000000-0003-0003-0002-000000000001', '30000000-0000-0003-0000-000000000007');
INSERT INTO students (id, first_name, last_name, grade, school_id, parent_user_id, am_route_id, pm_route_id, am_stop_id, pm_stop_id, external_student_id) VALUES
    ('30000000-0000-0003-0000-000000000008', 'Sophia', 'Garcia', '8', '30000000-0000-0000-0003-000000000001', '30000000-0000-0003-0000-000000000004', 'a0000000-0003-0003-0000-000000000001', 'a0000000-0003-0003-0000-000000000002', 'a1000000-0003-0003-0001-000000000001', 'a1000000-0003-0003-0002-000000000001', '30000000-0000-0003-0000-000000000008');
INSERT INTO students (id, first_name, last_name, grade, school_id, parent_user_id, am_route_id, pm_route_id, am_stop_id, pm_stop_id, external_student_id) VALUES
    ('30000000-0000-0003-0000-000000000009', 'Lucas', 'Martinez', '9', '30000000-0000-0000-0003-000000000001', '30000000-0000-0003-0000-000000000005', 'a0000000-0003-0003-0000-000000000001', 'a0000000-0003-0003-0000-000000000002', 'a1000000-0003-0003-0001-000000000003', 'a1000000-0003-0003-0002-000000000003', '30000000-0000-0003-0000-000000000009');
INSERT INTO students (id, first_name, last_name, grade, school_id, parent_user_id, am_route_id, pm_route_id, am_stop_id, pm_stop_id, external_student_id) VALUES
    ('30000000-0000-0003-0000-000000000010', 'Isabella', 'Robinson', '10', '30000000-0000-0000-0003-000000000001', '30000000-0000-0003-0000-000000000005', 'a0000000-0003-0004-0000-000000000001', 'a0000000-0003-0004-0000-000000000002', 'a1000000-0003-0004-0001-000000000001', 'a1000000-0003-0004-0002-000000000001', '30000000-0000-0003-0000-000000000010');
INSERT INTO students (id, first_name, last_name, grade, school_id, parent_user_id, am_route_id, pm_route_id, am_stop_id, pm_stop_id, external_student_id) VALUES
    ('30000000-0000-0003-0000-000000000011', 'Henry', 'Clark', '11', '30000000-0000-0000-0003-000000000001', '30000000-0000-0003-0000-000000000006', 'a0000000-0003-0004-0000-000000000001', 'a0000000-0003-0004-0000-000000000002', 'a1000000-0003-0004-0001-000000000002', 'a1000000-0003-0004-0002-000000000002', '30000000-0000-0003-0000-000000000011');
INSERT INTO students (id, first_name, last_name, grade, school_id, parent_user_id, am_route_id, pm_route_id, am_stop_id, pm_stop_id, external_student_id) VALUES
    ('30000000-0000-0003-0000-000000000012', 'Mia', 'Rodriguez', '12', '30000000-0000-0000-0003-000000000001', '30000000-0000-0003-0000-000000000007', 'a0000000-0003-0004-0000-000000000001', 'a0000000-0003-0004-0000-000000000002', 'a1000000-0003-0004-0001-000000000003', 'a1000000-0003-0004-0002-000000000003', '30000000-0000-0003-0000-000000000012');
INSERT INTO students (id, first_name, last_name, grade, school_id, parent_user_id, am_route_id, pm_route_id, am_stop_id, pm_stop_id, external_student_id) VALUES
    ('30000000-0000-0003-0000-000000000013', 'Alexander', 'Lewis', '7', '30000000-0000-0000-0003-000000000001', '30000000-0000-0003-0000-000000000008', 'a0000000-0003-0005-0000-000000000001', 'a0000000-0003-0005-0000-000000000002', 'a1000000-0003-0005-0001-000000000001', 'a1000000-0003-0005-0002-000000000001', '30000000-0000-0003-0000-000000000013');
INSERT INTO students (id, first_name, last_name, grade, school_id, parent_user_id, am_route_id, pm_route_id, am_stop_id, pm_stop_id, external_student_id) VALUES
    ('30000000-0000-0003-0000-000000000014', 'Charlotte', 'Lee', '8', '30000000-0000-0000-0003-000000000001', '30000000-0000-0003-0000-000000000009', 'a0000000-0003-0005-0000-000000000001', 'a0000000-0003-0005-0000-000000000002', 'a1000000-0003-0005-0001-000000000002', 'a1000000-0003-0005-0002-000000000002', '30000000-0000-0003-0000-000000000014');
INSERT INTO students (id, first_name, last_name, grade, school_id, parent_user_id, am_route_id, pm_route_id, am_stop_id, pm_stop_id, external_student_id) VALUES
    ('30000000-0000-0003-0000-000000000015', 'William', 'Walker', '9', '30000000-0000-0000-0003-000000000001', '30000000-0000-0003-0000-000000000010', 'a0000000-0003-0005-0000-000000000001', 'a0000000-0003-0005-0000-000000000002', 'a1000000-0003-0005-0001-000000000003', 'a1000000-0003-0005-0002-000000000003', '30000000-0000-0003-0000-000000000015');
INSERT INTO students (id, first_name, last_name, grade, school_id, parent_user_id, am_route_id, pm_route_id, am_stop_id, pm_stop_id, external_student_id) VALUES
    ('30000000-0000-0004-0000-000000000001', 'Liam', 'Anderson', '1', '30000000-0000-0000-0004-000000000001', '30000000-0000-0004-0000-000000000001', 'a0000000-0004-0001-0000-000000000001', 'a0000000-0004-0001-0000-000000000002', 'a1000000-0004-0001-0001-000000000001', 'a1000000-0004-0001-0002-000000000001', '30000000-0000-0004-0000-000000000001');
INSERT INTO students (id, first_name, last_name, grade, school_id, parent_user_id, am_route_id, pm_route_id, am_stop_id, pm_stop_id, external_student_id) VALUES
    ('30000000-0000-0004-0000-000000000002', 'Olivia', 'Thomas', '2', '30000000-0000-0000-0004-000000000001', '30000000-0000-0004-0000-000000000001', 'a0000000-0004-0001-0000-000000000001', 'a0000000-0004-0001-0000-000000000002', 'a1000000-0004-0001-0001-000000000001', 'a1000000-0004-0001-0002-000000000001', '30000000-0000-0004-0000-000000000002');
INSERT INTO students (id, first_name, last_name, grade, school_id, parent_user_id, am_route_id, pm_route_id, am_stop_id, pm_stop_id, external_student_id) VALUES
    ('30000000-0000-0004-0000-000000000003', 'Noah', 'Jackson', '3', '30000000-0000-0000-0004-000000000001', '30000000-0000-0004-0000-000000000002', 'a0000000-0004-0001-0000-000000000001', 'a0000000-0004-0001-0000-000000000002', 'a1000000-0004-0001-0001-000000000003', 'a1000000-0004-0001-0002-000000000003', '30000000-0000-0004-0000-000000000003');
INSERT INTO students (id, first_name, last_name, grade, school_id, parent_user_id, am_route_id, pm_route_id, am_stop_id, pm_stop_id, external_student_id) VALUES
    ('30000000-0000-0004-0000-000000000004', 'Emma', 'White', '4', '30000000-0000-0000-0004-000000000001', '30000000-0000-0004-0000-000000000002', 'a0000000-0004-0002-0000-000000000001', 'a0000000-0004-0002-0000-000000000002', 'a1000000-0004-0002-0001-000000000001', 'a1000000-0004-0002-0002-000000000001', '30000000-0000-0004-0000-000000000004');
INSERT INTO students (id, first_name, last_name, grade, school_id, parent_user_id, am_route_id, pm_route_id, am_stop_id, pm_stop_id, external_student_id) VALUES
    ('30000000-0000-0004-0000-000000000005', 'James', 'Harris', '5', '30000000-0000-0000-0004-000000000001', '30000000-0000-0004-0000-000000000003', 'a0000000-0004-0002-0000-000000000001', 'a0000000-0004-0002-0000-000000000002', 'a1000000-0004-0002-0001-000000000002', 'a1000000-0004-0002-0002-000000000002', '30000000-0000-0004-0000-000000000005');
INSERT INTO students (id, first_name, last_name, grade, school_id, parent_user_id, am_route_id, pm_route_id, am_stop_id, pm_stop_id, external_student_id) VALUES
    ('30000000-0000-0004-0000-000000000006', 'Ava', 'Martin', '6', '30000000-0000-0000-0004-000000000001', '30000000-0000-0004-0000-000000000003', 'a0000000-0004-0002-0000-000000000001', 'a0000000-0004-0002-0000-000000000002', 'a1000000-0004-0002-0001-000000000002', 'a1000000-0004-0002-0002-000000000002', '30000000-0000-0004-0000-000000000006');
INSERT INTO students (id, first_name, last_name, grade, school_id, parent_user_id, am_route_id, pm_route_id, am_stop_id, pm_stop_id, external_student_id) VALUES
    ('30000000-0000-0004-0000-000000000007', 'Benjamin', 'Thompson', '1', '30000000-0000-0000-0004-000000000001', '30000000-0000-0004-0000-000000000004', 'a0000000-0004-0003-0000-000000000001', 'a0000000-0004-0003-0000-000000000002', 'a1000000-0004-0003-0001-000000000001', 'a1000000-0004-0003-0002-000000000001', '30000000-0000-0004-0000-000000000007');
INSERT INTO students (id, first_name, last_name, grade, school_id, parent_user_id, am_route_id, pm_route_id, am_stop_id, pm_stop_id, external_student_id) VALUES
    ('30000000-0000-0004-0000-000000000008', 'Sophia', 'Garcia', '2', '30000000-0000-0000-0004-000000000001', '30000000-0000-0004-0000-000000000004', 'a0000000-0004-0003-0000-000000000001', 'a0000000-0004-0003-0000-000000000002', 'a1000000-0004-0003-0001-000000000001', 'a1000000-0004-0003-0002-000000000001', '30000000-0000-0004-0000-000000000008');
INSERT INTO students (id, first_name, last_name, grade, school_id, parent_user_id, am_route_id, pm_route_id, am_stop_id, pm_stop_id, external_student_id) VALUES
    ('30000000-0000-0004-0000-000000000009', 'Lucas', 'Martinez', '3', '30000000-0000-0000-0004-000000000001', '30000000-0000-0004-0000-000000000005', 'a0000000-0004-0003-0000-000000000001', 'a0000000-0004-0003-0000-000000000002', 'a1000000-0004-0003-0001-000000000003', 'a1000000-0004-0003-0002-000000000003', '30000000-0000-0004-0000-000000000009');
INSERT INTO students (id, first_name, last_name, grade, school_id, parent_user_id, am_route_id, pm_route_id, am_stop_id, pm_stop_id, external_student_id) VALUES
    ('30000000-0000-0004-0000-000000000010', 'Isabella', 'Robinson', '4', '30000000-0000-0000-0004-000000000001', '30000000-0000-0004-0000-000000000005', 'a0000000-0004-0004-0000-000000000001', 'a0000000-0004-0004-0000-000000000002', 'a1000000-0004-0004-0001-000000000001', 'a1000000-0004-0004-0002-000000000001', '30000000-0000-0004-0000-000000000010');
INSERT INTO students (id, first_name, last_name, grade, school_id, parent_user_id, am_route_id, pm_route_id, am_stop_id, pm_stop_id, external_student_id) VALUES
    ('30000000-0000-0004-0000-000000000011', 'Henry', 'Clark', '5', '30000000-0000-0000-0004-000000000001', '30000000-0000-0004-0000-000000000006', 'a0000000-0004-0004-0000-000000000001', 'a0000000-0004-0004-0000-000000000002', 'a1000000-0004-0004-0001-000000000002', 'a1000000-0004-0004-0002-000000000002', '30000000-0000-0004-0000-000000000011');
INSERT INTO students (id, first_name, last_name, grade, school_id, parent_user_id, am_route_id, pm_route_id, am_stop_id, pm_stop_id, external_student_id) VALUES
    ('30000000-0000-0004-0000-000000000012', 'Mia', 'Rodriguez', '6', '30000000-0000-0000-0004-000000000001', '30000000-0000-0004-0000-000000000007', 'a0000000-0004-0004-0000-000000000001', 'a0000000-0004-0004-0000-000000000002', 'a1000000-0004-0004-0001-000000000003', 'a1000000-0004-0004-0002-000000000003', '30000000-0000-0004-0000-000000000012');
INSERT INTO students (id, first_name, last_name, grade, school_id, parent_user_id, am_route_id, pm_route_id, am_stop_id, pm_stop_id, external_student_id) VALUES
    ('30000000-0000-0004-0000-000000000013', 'Alexander', 'Lewis', '1', '30000000-0000-0000-0004-000000000001', '30000000-0000-0004-0000-000000000008', 'a0000000-0004-0005-0000-000000000001', 'a0000000-0004-0005-0000-000000000002', 'a1000000-0004-0005-0001-000000000001', 'a1000000-0004-0005-0002-000000000001', '30000000-0000-0004-0000-000000000013');
INSERT INTO students (id, first_name, last_name, grade, school_id, parent_user_id, am_route_id, pm_route_id, am_stop_id, pm_stop_id, external_student_id) VALUES
    ('30000000-0000-0004-0000-000000000014', 'Charlotte', 'Lee', '2', '30000000-0000-0000-0004-000000000001', '30000000-0000-0004-0000-000000000009', 'a0000000-0004-0005-0000-000000000001', 'a0000000-0004-0005-0000-000000000002', 'a1000000-0004-0005-0001-000000000002', 'a1000000-0004-0005-0002-000000000002', '30000000-0000-0004-0000-000000000014');
INSERT INTO students (id, first_name, last_name, grade, school_id, parent_user_id, am_route_id, pm_route_id, am_stop_id, pm_stop_id, external_student_id) VALUES
    ('30000000-0000-0004-0000-000000000015', 'William', 'Walker', '3', '30000000-0000-0000-0004-000000000001', '30000000-0000-0004-0000-000000000010', 'a0000000-0004-0005-0000-000000000001', 'a0000000-0004-0005-0000-000000000002', 'a1000000-0004-0005-0001-000000000003', 'a1000000-0004-0005-0002-000000000003', '30000000-0000-0004-0000-000000000015');
INSERT INTO students (id, first_name, last_name, grade, school_id, parent_user_id, am_route_id, pm_route_id, am_stop_id, pm_stop_id, external_student_id) VALUES
    ('30000000-0000-0005-0000-000000000001', 'Liam', 'Anderson', '7', '30000000-0000-0000-0005-000000000001', '30000000-0000-0005-0000-000000000001', 'a0000000-0005-0001-0000-000000000001', 'a0000000-0005-0001-0000-000000000002', 'a1000000-0005-0001-0001-000000000001', 'a1000000-0005-0001-0002-000000000001', '30000000-0000-0005-0000-000000000001');
INSERT INTO students (id, first_name, last_name, grade, school_id, parent_user_id, am_route_id, pm_route_id, am_stop_id, pm_stop_id, external_student_id) VALUES
    ('30000000-0000-0005-0000-000000000002', 'Olivia', 'Thomas', '8', '30000000-0000-0000-0005-000000000001', '30000000-0000-0005-0000-000000000001', 'a0000000-0005-0001-0000-000000000001', 'a0000000-0005-0001-0000-000000000002', 'a1000000-0005-0001-0001-000000000001', 'a1000000-0005-0001-0002-000000000001', '30000000-0000-0005-0000-000000000002');
INSERT INTO students (id, first_name, last_name, grade, school_id, parent_user_id, am_route_id, pm_route_id, am_stop_id, pm_stop_id, external_student_id) VALUES
    ('30000000-0000-0005-0000-000000000003', 'Noah', 'Jackson', '9', '30000000-0000-0000-0005-000000000001', '30000000-0000-0005-0000-000000000002', 'a0000000-0005-0001-0000-000000000001', 'a0000000-0005-0001-0000-000000000002', 'a1000000-0005-0001-0001-000000000003', 'a1000000-0005-0001-0002-000000000003', '30000000-0000-0005-0000-000000000003');
INSERT INTO students (id, first_name, last_name, grade, school_id, parent_user_id, am_route_id, pm_route_id, am_stop_id, pm_stop_id, external_student_id) VALUES
    ('30000000-0000-0005-0000-000000000004', 'Emma', 'White', '10', '30000000-0000-0000-0005-000000000001', '30000000-0000-0005-0000-000000000002', 'a0000000-0005-0002-0000-000000000001', 'a0000000-0005-0002-0000-000000000002', 'a1000000-0005-0002-0001-000000000001', 'a1000000-0005-0002-0002-000000000001', '30000000-0000-0005-0000-000000000004');
INSERT INTO students (id, first_name, last_name, grade, school_id, parent_user_id, am_route_id, pm_route_id, am_stop_id, pm_stop_id, external_student_id) VALUES
    ('30000000-0000-0005-0000-000000000005', 'James', 'Harris', '11', '30000000-0000-0000-0005-000000000001', '30000000-0000-0005-0000-000000000003', 'a0000000-0005-0002-0000-000000000001', 'a0000000-0005-0002-0000-000000000002', 'a1000000-0005-0002-0001-000000000002', 'a1000000-0005-0002-0002-000000000002', '30000000-0000-0005-0000-000000000005');
INSERT INTO students (id, first_name, last_name, grade, school_id, parent_user_id, am_route_id, pm_route_id, am_stop_id, pm_stop_id, external_student_id) VALUES
    ('30000000-0000-0005-0000-000000000006', 'Ava', 'Martin', '12', '30000000-0000-0000-0005-000000000001', '30000000-0000-0005-0000-000000000003', 'a0000000-0005-0002-0000-000000000001', 'a0000000-0005-0002-0000-000000000002', 'a1000000-0005-0002-0001-000000000002', 'a1000000-0005-0002-0002-000000000002', '30000000-0000-0005-0000-000000000006');
INSERT INTO students (id, first_name, last_name, grade, school_id, parent_user_id, am_route_id, pm_route_id, am_stop_id, pm_stop_id, external_student_id) VALUES
    ('30000000-0000-0005-0000-000000000007', 'Benjamin', 'Thompson', '7', '30000000-0000-0000-0005-000000000001', '30000000-0000-0005-0000-000000000004', 'a0000000-0005-0003-0000-000000000001', 'a0000000-0005-0003-0000-000000000002', 'a1000000-0005-0003-0001-000000000001', 'a1000000-0005-0003-0002-000000000001', '30000000-0000-0005-0000-000000000007');
INSERT INTO students (id, first_name, last_name, grade, school_id, parent_user_id, am_route_id, pm_route_id, am_stop_id, pm_stop_id, external_student_id) VALUES
    ('30000000-0000-0005-0000-000000000008', 'Sophia', 'Garcia', '8', '30000000-0000-0000-0005-000000000001', '30000000-0000-0005-0000-000000000004', 'a0000000-0005-0003-0000-000000000001', 'a0000000-0005-0003-0000-000000000002', 'a1000000-0005-0003-0001-000000000001', 'a1000000-0005-0003-0002-000000000001', '30000000-0000-0005-0000-000000000008');
INSERT INTO students (id, first_name, last_name, grade, school_id, parent_user_id, am_route_id, pm_route_id, am_stop_id, pm_stop_id, external_student_id) VALUES
    ('30000000-0000-0005-0000-000000000009', 'Lucas', 'Martinez', '9', '30000000-0000-0000-0005-000000000001', '30000000-0000-0005-0000-000000000005', 'a0000000-0005-0003-0000-000000000001', 'a0000000-0005-0003-0000-000000000002', 'a1000000-0005-0003-0001-000000000003', 'a1000000-0005-0003-0002-000000000003', '30000000-0000-0005-0000-000000000009');
INSERT INTO students (id, first_name, last_name, grade, school_id, parent_user_id, am_route_id, pm_route_id, am_stop_id, pm_stop_id, external_student_id) VALUES
    ('30000000-0000-0005-0000-000000000010', 'Isabella', 'Robinson', '10', '30000000-0000-0000-0005-000000000001', '30000000-0000-0005-0000-000000000005', 'a0000000-0005-0004-0000-000000000001', 'a0000000-0005-0004-0000-000000000002', 'a1000000-0005-0004-0001-000000000001', 'a1000000-0005-0004-0002-000000000001', '30000000-0000-0005-0000-000000000010');
INSERT INTO students (id, first_name, last_name, grade, school_id, parent_user_id, am_route_id, pm_route_id, am_stop_id, pm_stop_id, external_student_id) VALUES
    ('30000000-0000-0005-0000-000000000011', 'Henry', 'Clark', '11', '30000000-0000-0000-0005-000000000001', '30000000-0000-0005-0000-000000000006', 'a0000000-0005-0004-0000-000000000001', 'a0000000-0005-0004-0000-000000000002', 'a1000000-0005-0004-0001-000000000002', 'a1000000-0005-0004-0002-000000000002', '30000000-0000-0005-0000-000000000011');
INSERT INTO students (id, first_name, last_name, grade, school_id, parent_user_id, am_route_id, pm_route_id, am_stop_id, pm_stop_id, external_student_id) VALUES
    ('30000000-0000-0005-0000-000000000012', 'Mia', 'Rodriguez', '12', '30000000-0000-0000-0005-000000000001', '30000000-0000-0005-0000-000000000007', 'a0000000-0005-0004-0000-000000000001', 'a0000000-0005-0004-0000-000000000002', 'a1000000-0005-0004-0001-000000000003', 'a1000000-0005-0004-0002-000000000003', '30000000-0000-0005-0000-000000000012');
INSERT INTO students (id, first_name, last_name, grade, school_id, parent_user_id, am_route_id, pm_route_id, am_stop_id, pm_stop_id, external_student_id) VALUES
    ('30000000-0000-0005-0000-000000000013', 'Alexander', 'Lewis', '7', '30000000-0000-0000-0005-000000000001', '30000000-0000-0005-0000-000000000008', 'a0000000-0005-0005-0000-000000000001', 'a0000000-0005-0005-0000-000000000002', 'a1000000-0005-0005-0001-000000000001', 'a1000000-0005-0005-0002-000000000001', '30000000-0000-0005-0000-000000000013');
INSERT INTO students (id, first_name, last_name, grade, school_id, parent_user_id, am_route_id, pm_route_id, am_stop_id, pm_stop_id, external_student_id) VALUES
    ('30000000-0000-0005-0000-000000000014', 'Charlotte', 'Lee', '8', '30000000-0000-0000-0005-000000000001', '30000000-0000-0005-0000-000000000009', 'a0000000-0005-0005-0000-000000000001', 'a0000000-0005-0005-0000-000000000002', 'a1000000-0005-0005-0001-000000000002', 'a1000000-0005-0005-0002-000000000002', '30000000-0000-0005-0000-000000000014');
INSERT INTO students (id, first_name, last_name, grade, school_id, parent_user_id, am_route_id, pm_route_id, am_stop_id, pm_stop_id, external_student_id) VALUES
    ('30000000-0000-0005-0000-000000000015', 'William', 'Walker', '9', '30000000-0000-0000-0005-000000000001', '30000000-0000-0005-0000-000000000010', 'a0000000-0005-0005-0000-000000000001', 'a0000000-0005-0005-0000-000000000002', 'a1000000-0005-0005-0001-000000000003', 'a1000000-0005-0005-0002-000000000003', '30000000-0000-0005-0000-000000000015');
INSERT INTO students (id, first_name, last_name, grade, school_id, parent_user_id, am_route_id, pm_route_id, am_stop_id, pm_stop_id, external_student_id) VALUES
    ('30000000-0000-0006-0000-000000000001', 'Liam', 'Anderson', '7', '30000000-0000-0000-0006-000000000001', '30000000-0000-0006-0000-000000000001', 'a0000000-0006-0001-0000-000000000001', 'a0000000-0006-0001-0000-000000000002', 'a1000000-0006-0001-0001-000000000001', 'a1000000-0006-0001-0002-000000000001', '30000000-0000-0006-0000-000000000001');
INSERT INTO students (id, first_name, last_name, grade, school_id, parent_user_id, am_route_id, pm_route_id, am_stop_id, pm_stop_id, external_student_id) VALUES
    ('30000000-0000-0006-0000-000000000002', 'Olivia', 'Thomas', '8', '30000000-0000-0000-0006-000000000001', '30000000-0000-0006-0000-000000000001', 'a0000000-0006-0001-0000-000000000001', 'a0000000-0006-0001-0000-000000000002', 'a1000000-0006-0001-0001-000000000001', 'a1000000-0006-0001-0002-000000000001', '30000000-0000-0006-0000-000000000002');
INSERT INTO students (id, first_name, last_name, grade, school_id, parent_user_id, am_route_id, pm_route_id, am_stop_id, pm_stop_id, external_student_id) VALUES
    ('30000000-0000-0006-0000-000000000003', 'Noah', 'Jackson', '9', '30000000-0000-0000-0006-000000000001', '30000000-0000-0006-0000-000000000002', 'a0000000-0006-0001-0000-000000000001', 'a0000000-0006-0001-0000-000000000002', 'a1000000-0006-0001-0001-000000000003', 'a1000000-0006-0001-0002-000000000003', '30000000-0000-0006-0000-000000000003');
INSERT INTO students (id, first_name, last_name, grade, school_id, parent_user_id, am_route_id, pm_route_id, am_stop_id, pm_stop_id, external_student_id) VALUES
    ('30000000-0000-0006-0000-000000000004', 'Emma', 'White', '10', '30000000-0000-0000-0006-000000000001', '30000000-0000-0006-0000-000000000002', 'a0000000-0006-0002-0000-000000000001', 'a0000000-0006-0002-0000-000000000002', 'a1000000-0006-0002-0001-000000000001', 'a1000000-0006-0002-0002-000000000001', '30000000-0000-0006-0000-000000000004');
INSERT INTO students (id, first_name, last_name, grade, school_id, parent_user_id, am_route_id, pm_route_id, am_stop_id, pm_stop_id, external_student_id) VALUES
    ('30000000-0000-0006-0000-000000000005', 'James', 'Harris', '11', '30000000-0000-0000-0006-000000000001', '30000000-0000-0006-0000-000000000003', 'a0000000-0006-0002-0000-000000000001', 'a0000000-0006-0002-0000-000000000002', 'a1000000-0006-0002-0001-000000000002', 'a1000000-0006-0002-0002-000000000002', '30000000-0000-0006-0000-000000000005');
INSERT INTO students (id, first_name, last_name, grade, school_id, parent_user_id, am_route_id, pm_route_id, am_stop_id, pm_stop_id, external_student_id) VALUES
    ('30000000-0000-0006-0000-000000000006', 'Ava', 'Martin', '12', '30000000-0000-0000-0006-000000000001', '30000000-0000-0006-0000-000000000003', 'a0000000-0006-0002-0000-000000000001', 'a0000000-0006-0002-0000-000000000002', 'a1000000-0006-0002-0001-000000000002', 'a1000000-0006-0002-0002-000000000002', '30000000-0000-0006-0000-000000000006');
INSERT INTO students (id, first_name, last_name, grade, school_id, parent_user_id, am_route_id, pm_route_id, am_stop_id, pm_stop_id, external_student_id) VALUES
    ('30000000-0000-0006-0000-000000000007', 'Benjamin', 'Thompson', '7', '30000000-0000-0000-0006-000000000001', '30000000-0000-0006-0000-000000000004', 'a0000000-0006-0003-0000-000000000001', 'a0000000-0006-0003-0000-000000000002', 'a1000000-0006-0003-0001-000000000001', 'a1000000-0006-0003-0002-000000000001', '30000000-0000-0006-0000-000000000007');
INSERT INTO students (id, first_name, last_name, grade, school_id, parent_user_id, am_route_id, pm_route_id, am_stop_id, pm_stop_id, external_student_id) VALUES
    ('30000000-0000-0006-0000-000000000008', 'Sophia', 'Garcia', '8', '30000000-0000-0000-0006-000000000001', '30000000-0000-0006-0000-000000000004', 'a0000000-0006-0003-0000-000000000001', 'a0000000-0006-0003-0000-000000000002', 'a1000000-0006-0003-0001-000000000001', 'a1000000-0006-0003-0002-000000000001', '30000000-0000-0006-0000-000000000008');
INSERT INTO students (id, first_name, last_name, grade, school_id, parent_user_id, am_route_id, pm_route_id, am_stop_id, pm_stop_id, external_student_id) VALUES
    ('30000000-0000-0006-0000-000000000009', 'Lucas', 'Martinez', '9', '30000000-0000-0000-0006-000000000001', '30000000-0000-0006-0000-000000000005', 'a0000000-0006-0003-0000-000000000001', 'a0000000-0006-0003-0000-000000000002', 'a1000000-0006-0003-0001-000000000003', 'a1000000-0006-0003-0002-000000000003', '30000000-0000-0006-0000-000000000009');
INSERT INTO students (id, first_name, last_name, grade, school_id, parent_user_id, am_route_id, pm_route_id, am_stop_id, pm_stop_id, external_student_id) VALUES
    ('30000000-0000-0006-0000-000000000010', 'Isabella', 'Robinson', '10', '30000000-0000-0000-0006-000000000001', '30000000-0000-0006-0000-000000000005', 'a0000000-0006-0004-0000-000000000001', 'a0000000-0006-0004-0000-000000000002', 'a1000000-0006-0004-0001-000000000001', 'a1000000-0006-0004-0002-000000000001', '30000000-0000-0006-0000-000000000010');
INSERT INTO students (id, first_name, last_name, grade, school_id, parent_user_id, am_route_id, pm_route_id, am_stop_id, pm_stop_id, external_student_id) VALUES
    ('30000000-0000-0006-0000-000000000011', 'Henry', 'Clark', '11', '30000000-0000-0000-0006-000000000001', '30000000-0000-0006-0000-000000000006', 'a0000000-0006-0004-0000-000000000001', 'a0000000-0006-0004-0000-000000000002', 'a1000000-0006-0004-0001-000000000002', 'a1000000-0006-0004-0002-000000000002', '30000000-0000-0006-0000-000000000011');
INSERT INTO students (id, first_name, last_name, grade, school_id, parent_user_id, am_route_id, pm_route_id, am_stop_id, pm_stop_id, external_student_id) VALUES
    ('30000000-0000-0006-0000-000000000012', 'Mia', 'Rodriguez', '12', '30000000-0000-0000-0006-000000000001', '30000000-0000-0006-0000-000000000007', 'a0000000-0006-0004-0000-000000000001', 'a0000000-0006-0004-0000-000000000002', 'a1000000-0006-0004-0001-000000000003', 'a1000000-0006-0004-0002-000000000003', '30000000-0000-0006-0000-000000000012');
INSERT INTO students (id, first_name, last_name, grade, school_id, parent_user_id, am_route_id, pm_route_id, am_stop_id, pm_stop_id, external_student_id) VALUES
    ('30000000-0000-0006-0000-000000000013', 'Alexander', 'Lewis', '7', '30000000-0000-0000-0006-000000000001', '30000000-0000-0006-0000-000000000008', 'a0000000-0006-0005-0000-000000000001', 'a0000000-0006-0005-0000-000000000002', 'a1000000-0006-0005-0001-000000000001', 'a1000000-0006-0005-0002-000000000001', '30000000-0000-0006-0000-000000000013');
INSERT INTO students (id, first_name, last_name, grade, school_id, parent_user_id, am_route_id, pm_route_id, am_stop_id, pm_stop_id, external_student_id) VALUES
    ('30000000-0000-0006-0000-000000000014', 'Charlotte', 'Lee', '8', '30000000-0000-0000-0006-000000000001', '30000000-0000-0006-0000-000000000009', 'a0000000-0006-0005-0000-000000000001', 'a0000000-0006-0005-0000-000000000002', 'a1000000-0006-0005-0001-000000000002', 'a1000000-0006-0005-0002-000000000002', '30000000-0000-0006-0000-000000000014');
INSERT INTO students (id, first_name, last_name, grade, school_id, parent_user_id, am_route_id, pm_route_id, am_stop_id, pm_stop_id, external_student_id) VALUES
    ('30000000-0000-0006-0000-000000000015', 'William', 'Walker', '9', '30000000-0000-0000-0006-000000000001', '30000000-0000-0006-0000-000000000010', 'a0000000-0006-0005-0000-000000000001', 'a0000000-0006-0005-0000-000000000002', 'a1000000-0006-0005-0001-000000000003', 'a1000000-0006-0005-0002-000000000003', '30000000-0000-0006-0000-000000000015');

-- ===================== Student Tags =====================
INSERT INTO student_tag ("schoolId", "studentId", "tagId", "tagType") VALUES
    ('30000000-0000-0000-0001-000000000001', '30000000-0000-0001-0000-000000000001', 'TAG-001', 'SMARTTAG');
INSERT INTO student_tag ("schoolId", "studentId", "tagId", "tagType") VALUES
    ('30000000-0000-0000-0001-000000000001', '30000000-0000-0001-0000-000000000002', 'TAG-002', 'SMARTTAG');
INSERT INTO student_tag ("schoolId", "studentId", "tagId", "tagType") VALUES
    ('30000000-0000-0000-0001-000000000001', '30000000-0000-0001-0000-000000000003', 'TAG-003', 'SMARTTAG');
INSERT INTO student_tag ("schoolId", "studentId", "tagId", "tagType") VALUES
    ('30000000-0000-0000-0002-000000000001', '30000000-0000-0002-0000-000000000001', 'TAG-004', 'SMARTTAG');
INSERT INTO student_tag ("schoolId", "studentId", "tagId", "tagType") VALUES
    ('30000000-0000-0000-0002-000000000001', '30000000-0000-0002-0000-000000000002', 'TAG-005', 'SMARTTAG');
INSERT INTO student_tag ("schoolId", "studentId", "tagId", "tagType") VALUES
    ('30000000-0000-0000-0002-000000000001', '30000000-0000-0002-0000-000000000003', 'TAG-006', 'SMARTTAG');
INSERT INTO student_tag ("schoolId", "studentId", "tagId", "tagType") VALUES
    ('30000000-0000-0000-0003-000000000001', '30000000-0000-0003-0000-000000000001', 'TAG-007', 'SMARTTAG');
INSERT INTO student_tag ("schoolId", "studentId", "tagId", "tagType") VALUES
    ('30000000-0000-0000-0003-000000000001', '30000000-0000-0003-0000-000000000002', 'TAG-008', 'SMARTTAG');
INSERT INTO student_tag ("schoolId", "studentId", "tagId", "tagType") VALUES
    ('30000000-0000-0000-0003-000000000001', '30000000-0000-0003-0000-000000000003', 'TAG-009', 'SMARTTAG');
INSERT INTO student_tag ("schoolId", "studentId", "tagId", "tagType") VALUES
    ('30000000-0000-0000-0004-000000000001', '30000000-0000-0004-0000-000000000001', 'TAG-010', 'SMARTTAG');
INSERT INTO student_tag ("schoolId", "studentId", "tagId", "tagType") VALUES
    ('30000000-0000-0000-0004-000000000001', '30000000-0000-0004-0000-000000000002', 'TAG-011', 'SMARTTAG');
INSERT INTO student_tag ("schoolId", "studentId", "tagId", "tagType") VALUES
    ('30000000-0000-0000-0004-000000000001', '30000000-0000-0004-0000-000000000003', 'TAG-012', 'SMARTTAG');
INSERT INTO student_tag ("schoolId", "studentId", "tagId", "tagType") VALUES
    ('30000000-0000-0000-0005-000000000001', '30000000-0000-0005-0000-000000000001', 'TAG-013', 'SMARTTAG');
INSERT INTO student_tag ("schoolId", "studentId", "tagId", "tagType") VALUES
    ('30000000-0000-0000-0005-000000000001', '30000000-0000-0005-0000-000000000002', 'TAG-014', 'SMARTTAG');
INSERT INTO student_tag ("schoolId", "studentId", "tagId", "tagType") VALUES
    ('30000000-0000-0000-0005-000000000001', '30000000-0000-0005-0000-000000000003', 'TAG-015', 'SMARTTAG');
INSERT INTO student_tag ("schoolId", "studentId", "tagId", "tagType") VALUES
    ('30000000-0000-0000-0006-000000000001', '30000000-0000-0006-0000-000000000001', 'TAG-016', 'SMARTTAG');
INSERT INTO student_tag ("schoolId", "studentId", "tagId", "tagType") VALUES
    ('30000000-0000-0000-0006-000000000001', '30000000-0000-0006-0000-000000000002', 'TAG-017', 'SMARTTAG');
INSERT INTO student_tag ("schoolId", "studentId", "tagId", "tagType") VALUES
    ('30000000-0000-0000-0006-000000000001', '30000000-0000-0006-0000-000000000003', 'TAG-018', 'SMARTTAG');

-- ===================== Seed Location Points =====================
INSERT INTO location_points (id, school_id, vehicle_id, route_id, timestamp, lat, lng, speed_kph, heading_deg) VALUES
    ('seed-loc-stbern-r1-am', '30000000-0000-0000-0001-000000000001', 'BUS-STBERN-01', 'a0000000-0001-0001-0000-000000000001', NOW(), 45.29063, -75.89104, 0, 0);
INSERT INTO location_points (id, school_id, vehicle_id, route_id, timestamp, lat, lng, speed_kph, heading_deg) VALUES
    ('seed-loc-stbern-r1-pm', '30000000-0000-0000-0001-000000000001', 'BUS-STBERN-01', 'a0000000-0001-0001-0000-000000000002', NOW(), 45.2721, -75.88168, 0, 0);
INSERT INTO location_points (id, school_id, vehicle_id, route_id, timestamp, lat, lng, speed_kph, heading_deg) VALUES
    ('seed-loc-stbern-r2-am', '30000000-0000-0000-0001-000000000001', 'BUS-STBERN-02', 'a0000000-0001-0002-0000-000000000001', NOW(), 45.27915, -75.85587, 0, 0);
INSERT INTO location_points (id, school_id, vehicle_id, route_id, timestamp, lat, lng, speed_kph, heading_deg) VALUES
    ('seed-loc-stbern-r2-pm', '30000000-0000-0000-0001-000000000001', 'BUS-STBERN-02', 'a0000000-0001-0002-0000-000000000002', NOW(), 45.27195, -75.88229, 0, 0);
INSERT INTO location_points (id, school_id, vehicle_id, route_id, timestamp, lat, lng, speed_kph, heading_deg) VALUES
    ('seed-loc-stbern-r3-am', '30000000-0000-0000-0001-000000000001', 'BUS-STBERN-03', 'a0000000-0001-0003-0000-000000000001', NOW(), 45.25461, -75.8748, 0, 0);
INSERT INTO location_points (id, school_id, vehicle_id, route_id, timestamp, lat, lng, speed_kph, heading_deg) VALUES
    ('seed-loc-stbern-r3-pm', '30000000-0000-0000-0001-000000000001', 'BUS-STBERN-03', 'a0000000-0001-0003-0000-000000000002', NOW(), 45.26563, -75.88312, 0, 0);
INSERT INTO location_points (id, school_id, vehicle_id, route_id, timestamp, lat, lng, speed_kph, heading_deg) VALUES
    ('seed-loc-stbern-r4-am', '30000000-0000-0000-0001-000000000001', 'BUS-STBERN-04', 'a0000000-0001-0004-0000-000000000001', NOW(), 45.24917, -75.90259, 0, 0);
INSERT INTO location_points (id, school_id, vehicle_id, route_id, timestamp, lat, lng, speed_kph, heading_deg) VALUES
    ('seed-loc-stbern-r4-pm', '30000000-0000-0000-0001-000000000001', 'BUS-STBERN-04', 'a0000000-0001-0004-0000-000000000002', NOW(), 45.26722, -75.8808, 0, 0);
INSERT INTO location_points (id, school_id, vehicle_id, route_id, timestamp, lat, lng, speed_kph, heading_deg) VALUES
    ('seed-loc-stbern-r5-am', '30000000-0000-0000-0001-000000000001', 'BUS-STBERN-05', 'a0000000-0001-0005-0000-000000000001', NOW(), 45.28253, -75.91282, 0, 0);
INSERT INTO location_points (id, school_id, vehicle_id, route_id, timestamp, lat, lng, speed_kph, heading_deg) VALUES
    ('seed-loc-stbern-r5-pm', '30000000-0000-0000-0001-000000000001', 'BUS-STBERN-05', 'a0000000-0001-0005-0000-000000000002', NOW(), 45.26893, -75.89098, 0, 0);
INSERT INTO location_points (id, school_id, vehicle_id, route_id, timestamp, lat, lng, speed_kph, heading_deg) VALUES
    ('seed-loc-allsnt-r1-am', '30000000-0000-0000-0002-000000000001', 'BUS-ALLSNT-01', 'a0000000-0002-0001-0000-000000000001', NOW(), 45.34416, -75.91501, 0, 0);
INSERT INTO location_points (id, school_id, vehicle_id, route_id, timestamp, lat, lng, speed_kph, heading_deg) VALUES
    ('seed-loc-allsnt-r1-pm', '30000000-0000-0000-0002-000000000001', 'BUS-ALLSNT-01', 'a0000000-0002-0001-0000-000000000002', NOW(), 45.32211, -75.91822, 0, 0);
INSERT INTO location_points (id, school_id, vehicle_id, route_id, timestamp, lat, lng, speed_kph, heading_deg) VALUES
    ('seed-loc-allsnt-r2-am', '30000000-0000-0000-0002-000000000001', 'BUS-ALLSNT-02', 'a0000000-0002-0002-0000-000000000001', NOW(), 45.33174, -75.89314, 0, 0);
INSERT INTO location_points (id, school_id, vehicle_id, route_id, timestamp, lat, lng, speed_kph, heading_deg) VALUES
    ('seed-loc-allsnt-r2-pm', '30000000-0000-0000-0002-000000000001', 'BUS-ALLSNT-02', 'a0000000-0002-0002-0000-000000000002', NOW(), 45.3194, -75.91879, 0, 0);
INSERT INTO location_points (id, school_id, vehicle_id, route_id, timestamp, lat, lng, speed_kph, heading_deg) VALUES
    ('seed-loc-allsnt-r3-am', '30000000-0000-0000-0002-000000000001', 'BUS-ALLSNT-03', 'a0000000-0002-0003-0000-000000000001', NOW(), 45.30376, -75.90356, 0, 0);
INSERT INTO location_points (id, school_id, vehicle_id, route_id, timestamp, lat, lng, speed_kph, heading_deg) VALUES
    ('seed-loc-allsnt-r3-pm', '30000000-0000-0000-0002-000000000001', 'BUS-ALLSNT-03', 'a0000000-0002-0003-0000-000000000002', NOW(), 45.31711, -75.91996, 0, 0);
INSERT INTO location_points (id, school_id, vehicle_id, route_id, timestamp, lat, lng, speed_kph, heading_deg) VALUES
    ('seed-loc-allsnt-r4-am', '30000000-0000-0000-0002-000000000001', 'BUS-ALLSNT-04', 'a0000000-0002-0004-0000-000000000001', NOW(), 45.30471, -75.91817, 0, 0);
INSERT INTO location_points (id, school_id, vehicle_id, route_id, timestamp, lat, lng, speed_kph, heading_deg) VALUES
    ('seed-loc-allsnt-r4-pm', '30000000-0000-0000-0002-000000000001', 'BUS-ALLSNT-04', 'a0000000-0002-0004-0000-000000000002', NOW(), 45.31862, -75.92009, 0, 0);
INSERT INTO location_points (id, school_id, vehicle_id, route_id, timestamp, lat, lng, speed_kph, heading_deg) VALUES
    ('seed-loc-allsnt-r5-am', '30000000-0000-0000-0002-000000000001', 'BUS-ALLSNT-05', 'a0000000-0002-0005-0000-000000000001', NOW(), 45.32853, -75.91781, 0, 0);
INSERT INTO location_points (id, school_id, vehicle_id, route_id, timestamp, lat, lng, speed_kph, heading_deg) VALUES
    ('seed-loc-allsnt-r5-pm', '30000000-0000-0000-0002-000000000001', 'BUS-ALLSNT-05', 'a0000000-0002-0005-0000-000000000002', NOW(), 45.31849, -75.91929, 0, 0);
INSERT INTO location_points (id, school_id, vehicle_id, route_id, timestamp, lat, lng, speed_kph, heading_deg) VALUES
    ('seed-loc-sacrhrt-r1-am', '30000000-0000-0000-0003-000000000001', 'BUS-SACRHRT-01', 'a0000000-0003-0001-0000-000000000001', NOW(), 45.28611, -75.9074, 0, 0);
INSERT INTO location_points (id, school_id, vehicle_id, route_id, timestamp, lat, lng, speed_kph, heading_deg) VALUES
    ('seed-loc-sacrhrt-r1-pm', '30000000-0000-0000-0003-000000000001', 'BUS-SACRHRT-01', 'a0000000-0003-0001-0000-000000000002', NOW(), 45.26569, -75.90935, 0, 0);
INSERT INTO location_points (id, school_id, vehicle_id, route_id, timestamp, lat, lng, speed_kph, heading_deg) VALUES
    ('seed-loc-sacrhrt-r2-am', '30000000-0000-0000-0003-000000000001', 'BUS-SACRHRT-02', 'a0000000-0003-0002-0000-000000000001', NOW(), 45.2643, -75.8854, 0, 0);
INSERT INTO location_points (id, school_id, vehicle_id, route_id, timestamp, lat, lng, speed_kph, heading_deg) VALUES
    ('seed-loc-sacrhrt-r2-pm', '30000000-0000-0000-0003-000000000001', 'BUS-SACRHRT-02', 'a0000000-0003-0002-0000-000000000002', NOW(), 45.26446, -75.90768, 0, 0);
INSERT INTO location_points (id, school_id, vehicle_id, route_id, timestamp, lat, lng, speed_kph, heading_deg) VALUES
    ('seed-loc-sacrhrt-r3-am', '30000000-0000-0000-0003-000000000001', 'BUS-SACRHRT-03', 'a0000000-0003-0003-0000-000000000001', NOW(), 45.24521, -75.89026, 0, 0);
INSERT INTO location_points (id, school_id, vehicle_id, route_id, timestamp, lat, lng, speed_kph, heading_deg) VALUES
    ('seed-loc-sacrhrt-r3-pm', '30000000-0000-0000-0003-000000000001', 'BUS-SACRHRT-03', 'a0000000-0003-0003-0000-000000000002', NOW(), 45.26461, -75.90891, 0, 0);
INSERT INTO location_points (id, school_id, vehicle_id, route_id, timestamp, lat, lng, speed_kph, heading_deg) VALUES
    ('seed-loc-sacrhrt-r4-am', '30000000-0000-0000-0003-000000000001', 'BUS-SACRHRT-04', 'a0000000-0003-0004-0000-000000000001', NOW(), 45.24355, -75.91929, 0, 0);
INSERT INTO location_points (id, school_id, vehicle_id, route_id, timestamp, lat, lng, speed_kph, heading_deg) VALUES
    ('seed-loc-sacrhrt-r4-pm', '30000000-0000-0000-0003-000000000001', 'BUS-SACRHRT-04', 'a0000000-0003-0004-0000-000000000002', NOW(), 45.2644, -75.90924, 0, 0);
INSERT INTO location_points (id, school_id, vehicle_id, route_id, timestamp, lat, lng, speed_kph, heading_deg) VALUES
    ('seed-loc-sacrhrt-r5-am', '30000000-0000-0000-0003-000000000001', 'BUS-SACRHRT-05', 'a0000000-0003-0005-0000-000000000001', NOW(), 45.26271, -75.92184, 0, 0);
INSERT INTO location_points (id, school_id, vehicle_id, route_id, timestamp, lat, lng, speed_kph, heading_deg) VALUES
    ('seed-loc-sacrhrt-r5-pm', '30000000-0000-0000-0003-000000000001', 'BUS-SACRHRT-05', 'a0000000-0003-0005-0000-000000000002', NOW(), 45.26368, -75.91139, 0, 0);
INSERT INTO location_points (id, school_id, vehicle_id, route_id, timestamp, lat, lng, speed_kph, heading_deg) VALUES
    ('seed-loc-jyoung-r1-am', '30000000-0000-0000-0004-000000000001', 'BUS-JYOUNG-01', 'a0000000-0004-0001-0000-000000000001', NOW(), 45.31348, -75.8821, 0, 0);
INSERT INTO location_points (id, school_id, vehicle_id, route_id, timestamp, lat, lng, speed_kph, heading_deg) VALUES
    ('seed-loc-jyoung-r1-pm', '30000000-0000-0000-0004-000000000001', 'BUS-JYOUNG-01', 'a0000000-0004-0001-0000-000000000002', NOW(), 45.29071, -75.87993, 0, 0);
INSERT INTO location_points (id, school_id, vehicle_id, route_id, timestamp, lat, lng, speed_kph, heading_deg) VALUES
    ('seed-loc-jyoung-r2-am', '30000000-0000-0000-0004-000000000001', 'BUS-JYOUNG-02', 'a0000000-0004-0002-0000-000000000001', NOW(), 45.29594, -75.85503, 0, 0);
INSERT INTO location_points (id, school_id, vehicle_id, route_id, timestamp, lat, lng, speed_kph, heading_deg) VALUES
    ('seed-loc-jyoung-r2-pm', '30000000-0000-0000-0004-000000000001', 'BUS-JYOUNG-02', 'a0000000-0004-0002-0000-000000000002', NOW(), 45.28844, -75.87868, 0, 0);
INSERT INTO location_points (id, school_id, vehicle_id, route_id, timestamp, lat, lng, speed_kph, heading_deg) VALUES
    ('seed-loc-jyoung-r3-am', '30000000-0000-0000-0004-000000000001', 'BUS-JYOUNG-03', 'a0000000-0004-0003-0000-000000000001', NOW(), 45.26948, -75.86024, 0, 0);
INSERT INTO location_points (id, school_id, vehicle_id, route_id, timestamp, lat, lng, speed_kph, heading_deg) VALUES
    ('seed-loc-jyoung-r3-pm', '30000000-0000-0000-0004-000000000001', 'BUS-JYOUNG-03', 'a0000000-0004-0003-0000-000000000002', NOW(), 45.28683, -75.88274, 0, 0);
INSERT INTO location_points (id, school_id, vehicle_id, route_id, timestamp, lat, lng, speed_kph, heading_deg) VALUES
    ('seed-loc-jyoung-r4-am', '30000000-0000-0000-0004-000000000001', 'BUS-JYOUNG-04', 'a0000000-0004-0004-0000-000000000001', NOW(), 45.26436, -75.91239, 0, 0);
INSERT INTO location_points (id, school_id, vehicle_id, route_id, timestamp, lat, lng, speed_kph, heading_deg) VALUES
    ('seed-loc-jyoung-r4-pm', '30000000-0000-0000-0004-000000000001', 'BUS-JYOUNG-04', 'a0000000-0004-0004-0000-000000000002', NOW(), 45.28539, -75.88495, 0, 0);
INSERT INTO location_points (id, school_id, vehicle_id, route_id, timestamp, lat, lng, speed_kph, heading_deg) VALUES
    ('seed-loc-jyoung-r5-am', '30000000-0000-0000-0004-000000000001', 'BUS-JYOUNG-05', 'a0000000-0004-0005-0000-000000000001', NOW(), 45.30754, -75.91938, 0, 0);
INSERT INTO location_points (id, school_id, vehicle_id, route_id, timestamp, lat, lng, speed_kph, heading_deg) VALUES
    ('seed-loc-jyoung-r5-pm', '30000000-0000-0000-0004-000000000001', 'BUS-JYOUNG-05', 'a0000000-0004-0005-0000-000000000002', NOW(), 45.2855, -75.88249, 0, 0);
INSERT INTO location_points (id, school_id, vehicle_id, route_id, timestamp, lat, lng, speed_kph, heading_deg) VALUES
    ('seed-loc-mplwd-r1-am', '30000000-0000-0000-0005-000000000001', 'BUS-MPLWD-01', 'a0000000-0005-0001-0000-000000000001', NOW(), 45.28564, -75.88647, 0, 0);
INSERT INTO location_points (id, school_id, vehicle_id, route_id, timestamp, lat, lng, speed_kph, heading_deg) VALUES
    ('seed-loc-mplwd-r1-pm', '30000000-0000-0000-0005-000000000001', 'BUS-MPLWD-01', 'a0000000-0005-0001-0000-000000000002', NOW(), 45.26843, -75.89013, 0, 0);
INSERT INTO location_points (id, school_id, vehicle_id, route_id, timestamp, lat, lng, speed_kph, heading_deg) VALUES
    ('seed-loc-mplwd-r2-am', '30000000-0000-0000-0005-000000000001', 'BUS-MPLWD-02', 'a0000000-0005-0002-0000-000000000001', NOW(), 45.27347, -75.84959, 0, 0);
INSERT INTO location_points (id, school_id, vehicle_id, route_id, timestamp, lat, lng, speed_kph, heading_deg) VALUES
    ('seed-loc-mplwd-r2-pm', '30000000-0000-0000-0005-000000000001', 'BUS-MPLWD-02', 'a0000000-0005-0002-0000-000000000002', NOW(), 45.26443, -75.88538, 0, 0);
INSERT INTO location_points (id, school_id, vehicle_id, route_id, timestamp, lat, lng, speed_kph, heading_deg) VALUES
    ('seed-loc-mplwd-r3-am', '30000000-0000-0000-0005-000000000001', 'BUS-MPLWD-03', 'a0000000-0005-0003-0000-000000000001', NOW(), 45.25125, -75.85009, 0, 0);
INSERT INTO location_points (id, school_id, vehicle_id, route_id, timestamp, lat, lng, speed_kph, heading_deg) VALUES
    ('seed-loc-mplwd-r3-pm', '30000000-0000-0000-0005-000000000001', 'BUS-MPLWD-03', 'a0000000-0005-0003-0000-000000000002', NOW(), 45.26815, -75.89024, 0, 0);
INSERT INTO location_points (id, school_id, vehicle_id, route_id, timestamp, lat, lng, speed_kph, heading_deg) VALUES
    ('seed-loc-mplwd-r4-am', '30000000-0000-0000-0005-000000000001', 'BUS-MPLWD-04', 'a0000000-0005-0004-0000-000000000001', NOW(), 45.24943, -75.9097, 0, 0);
INSERT INTO location_points (id, school_id, vehicle_id, route_id, timestamp, lat, lng, speed_kph, heading_deg) VALUES
    ('seed-loc-mplwd-r4-pm', '30000000-0000-0000-0005-000000000001', 'BUS-MPLWD-04', 'a0000000-0005-0004-0000-000000000002', NOW(), 45.26615, -75.88759, 0, 0);
INSERT INTO location_points (id, school_id, vehicle_id, route_id, timestamp, lat, lng, speed_kph, heading_deg) VALUES
    ('seed-loc-mplwd-r5-am', '30000000-0000-0000-0005-000000000001', 'BUS-MPLWD-05', 'a0000000-0005-0005-0000-000000000001', NOW(), 45.28329, -75.91833, 0, 0);
INSERT INTO location_points (id, school_id, vehicle_id, route_id, timestamp, lat, lng, speed_kph, heading_deg) VALUES
    ('seed-loc-mplwd-r5-pm', '30000000-0000-0000-0005-000000000001', 'BUS-MPLWD-05', 'a0000000-0005-0005-0000-000000000002', NOW(), 45.26913, -75.89123, 0, 0);
INSERT INTO location_points (id, school_id, vehicle_id, route_id, timestamp, lat, lng, speed_kph, heading_deg) VALUES
    ('seed-loc-ayjack-r1-am', '30000000-0000-0000-0006-000000000001', 'BUS-AYJACK-01', 'a0000000-0006-0001-0000-000000000001', NOW(), 45.33665, -75.84411, 0, 0);
INSERT INTO location_points (id, school_id, vehicle_id, route_id, timestamp, lat, lng, speed_kph, heading_deg) VALUES
    ('seed-loc-ayjack-r1-pm', '30000000-0000-0000-0006-000000000001', 'BUS-AYJACK-01', 'a0000000-0006-0001-0000-000000000002', NOW(), 45.29524, -75.88102, 0, 0);
INSERT INTO location_points (id, school_id, vehicle_id, route_id, timestamp, lat, lng, speed_kph, heading_deg) VALUES
    ('seed-loc-ayjack-r2-am', '30000000-0000-0000-0006-000000000001', 'BUS-AYJACK-02', 'a0000000-0006-0002-0000-000000000001', NOW(), 45.31003, -75.82975, 0, 0);
INSERT INTO location_points (id, school_id, vehicle_id, route_id, timestamp, lat, lng, speed_kph, heading_deg) VALUES
    ('seed-loc-ayjack-r2-pm', '30000000-0000-0000-0006-000000000001', 'BUS-AYJACK-02', 'a0000000-0006-0002-0000-000000000002', NOW(), 45.29901, -75.87815, 0, 0);
INSERT INTO location_points (id, school_id, vehicle_id, route_id, timestamp, lat, lng, speed_kph, heading_deg) VALUES
    ('seed-loc-ayjack-r3-am', '30000000-0000-0000-0006-000000000001', 'BUS-AYJACK-03', 'a0000000-0006-0003-0000-000000000001', NOW(), 45.27004, -75.85644, 0, 0);
INSERT INTO location_points (id, school_id, vehicle_id, route_id, timestamp, lat, lng, speed_kph, heading_deg) VALUES
    ('seed-loc-ayjack-r3-pm', '30000000-0000-0000-0006-000000000001', 'BUS-AYJACK-03', 'a0000000-0006-0003-0000-000000000002', NOW(), 45.29408, -75.88218, 0, 0);
INSERT INTO location_points (id, school_id, vehicle_id, route_id, timestamp, lat, lng, speed_kph, heading_deg) VALUES
    ('seed-loc-ayjack-r4-am', '30000000-0000-0000-0006-000000000001', 'BUS-AYJACK-04', 'a0000000-0006-0004-0000-000000000001', NOW(), 45.27408, -75.89585, 0, 0);
INSERT INTO location_points (id, school_id, vehicle_id, route_id, timestamp, lat, lng, speed_kph, heading_deg) VALUES
    ('seed-loc-ayjack-r4-pm', '30000000-0000-0000-0006-000000000001', 'BUS-AYJACK-04', 'a0000000-0006-0004-0000-000000000002', NOW(), 45.29185, -75.87981, 0, 0);
INSERT INTO location_points (id, school_id, vehicle_id, route_id, timestamp, lat, lng, speed_kph, heading_deg) VALUES
    ('seed-loc-ayjack-r5-am', '30000000-0000-0000-0006-000000000001', 'BUS-AYJACK-05', 'a0000000-0006-0005-0000-000000000001', NOW(), 45.30946, -75.91754, 0, 0);
INSERT INTO location_points (id, school_id, vehicle_id, route_id, timestamp, lat, lng, speed_kph, heading_deg) VALUES
    ('seed-loc-ayjack-r5-pm', '30000000-0000-0000-0006-000000000001', 'BUS-AYJACK-05', 'a0000000-0006-0005-0000-000000000002', NOW(), 45.29434, -75.88414, 0, 0);

COMMIT;
